-- phpMyAdmin SQL Dump
-- version 4.9.2
-- https://www.phpmyadmin.net/
--
-- Host: 127.0.0.1
-- Generation Time: Mar 04, 2020 at 08:14 PM
-- Server version: 10.4.11-MariaDB
-- PHP Version: 7.2.26

SET SQL_MODE = "NO_AUTO_VALUE_ON_ZERO";
SET AUTOCOMMIT = 0;
START TRANSACTION;
SET time_zone = "+00:00";


/*!40101 SET @OLD_CHARACTER_SET_CLIENT=@@CHARACTER_SET_CLIENT */;
/*!40101 SET @OLD_CHARACTER_SET_RESULTS=@@CHARACTER_SET_RESULTS */;
/*!40101 SET @OLD_COLLATION_CONNECTION=@@COLLATION_CONNECTION */;
/*!40101 SET NAMES utf8mb4 */;

--
-- Database: `api`
--

-- --------------------------------------------------------

--
-- Table structure for table `migrations`
--

CREATE TABLE `migrations` (
  `id` int(10) UNSIGNED NOT NULL,
  `migration` varchar(255) COLLATE utf8mb4_unicode_ci NOT NULL,
  `batch` int(11) NOT NULL
) ENGINE=InnoDB DEFAULT CHARSET=utf8mb4 COLLATE=utf8mb4_unicode_ci;

--
-- Dumping data for table `migrations`
--

INSERT INTO `migrations` (`id`, `migration`, `batch`) VALUES
(1, '2014_10_12_000000_create_users_table', 1),
(2, '2014_10_12_100000_create_password_resets_table', 1),
(3, '2020_03_04_092006_create_products_table', 1);

-- --------------------------------------------------------

--
-- Table structure for table `password_resets`
--

CREATE TABLE `password_resets` (
  `email` varchar(255) COLLATE utf8mb4_unicode_ci NOT NULL,
  `token` varchar(255) COLLATE utf8mb4_unicode_ci NOT NULL,
  `created_at` timestamp NULL DEFAULT NULL
) ENGINE=InnoDB DEFAULT CHARSET=utf8mb4 COLLATE=utf8mb4_unicode_ci;

-- --------------------------------------------------------

--
-- Table structure for table `products`
--

CREATE TABLE `products` (
  `id` int(10) UNSIGNED NOT NULL,
  `name` varchar(255) COLLATE utf8mb4_unicode_ci NOT NULL,
  `detail` text COLLATE utf8mb4_unicode_ci NOT NULL,
  `price` int(11) NOT NULL,
  `stock` int(11) NOT NULL,
  `discount` int(11) NOT NULL,
  `created_at` timestamp NULL DEFAULT NULL,
  `updated_at` timestamp NULL DEFAULT NULL
) ENGINE=InnoDB DEFAULT CHARSET=utf8mb4 COLLATE=utf8mb4_unicode_ci;

--
-- Dumping data for table `products`
--

INSERT INTO `products` (`id`, `name`, `detail`, `price`, `stock`, `discount`, `created_at`, `updated_at`) VALUES
(1, 'atque', 'Voluptatum sit quidem sit distinctio. Facere soluta quaerat vel et dolore quaerat. Fugit aliquam delectus minima nisi enim quasi et qui. Vero eligendi quia repellat.', 988, 7, 9, '2020-03-04 13:03:25', '2020-03-04 13:03:25'),
(2, 'dolor', 'Dolor autem eos repudiandae aut officiis. Temporibus cum ipsa ut dolores. Est quisquam magni voluptatum et quo. Excepturi aliquid placeat deleniti voluptatibus adipisci et.', 114, 5, 6, '2020-03-04 13:03:25', '2020-03-04 13:03:25'),
(3, 'qui', 'Autem est tenetur exercitationem impedit atque voluptas. Ducimus qui vero tempora dolore. Necessitatibus nostrum quod aut ab dignissimos quo id. Quo et necessitatibus commodi assumenda ad animi.', 816, 8, 7, '2020-03-04 13:03:25', '2020-03-04 13:03:25'),
(4, 'ipsa', 'Voluptate architecto libero quis voluptates ex. Possimus consectetur eaque consectetur officiis. Temporibus consectetur a iusto hic enim.', 423, 4, 7, '2020-03-04 13:03:25', '2020-03-04 13:03:25'),
(5, 'suscipit', 'Labore est facilis vel distinctio ut rem molestiae. Perferendis voluptatibus atque voluptas illo. Error sint earum repellat facere occaecati tenetur. Deserunt in voluptatibus nesciunt quia sapiente. Perferendis ex doloribus quos.', 685, 4, 28, '2020-03-04 13:03:26', '2020-03-04 13:03:26'),
(6, 'architecto', 'Neque eius voluptatem ducimus molestiae possimus. Est minus natus qui repellendus quo architecto sit. Quisquam iste eum excepturi officiis laudantium ut qui. Rerum mollitia est sed repellendus et at ut.', 362, 3, 26, '2020-03-04 13:03:26', '2020-03-04 13:03:26'),
(7, 'aut', 'Voluptas nulla totam similique assumenda est sunt praesentium. Ut est aperiam inventore a dolore tempore.', 431, 5, 18, '2020-03-04 13:03:26', '2020-03-04 13:03:26'),
(8, 'ut', 'Nulla ratione quam omnis unde blanditiis. Porro voluptas rerum rerum qui eum. Similique aut aperiam error nulla distinctio deserunt sed.', 588, 7, 8, '2020-03-04 13:03:26', '2020-03-04 13:03:26'),
(9, 'quibusdam', 'Voluptatem ut nihil sint ipsum vero. Non repudiandae est est sit illo dolores omnis. Id qui voluptas ullam.', 349, 2, 8, '2020-03-04 13:03:26', '2020-03-04 13:03:26'),
(10, 'laudantium', 'Vel est sunt architecto sequi similique voluptates impedit voluptates. Distinctio in ut aut voluptatem nihil molestiae voluptatem. Rerum ab inventore quod. Culpa architecto vitae corrupti a et tempore quae.', 906, 5, 7, '2020-03-04 13:03:26', '2020-03-04 13:03:26'),
(11, 'esse', 'Molestias aut aut aut ipsam et. Et laborum hic non. Distinctio quia vel perferendis labore aut ut earum voluptatum. Rerum magnam minus ullam libero. Quisquam ullam sint perspiciatis inventore dolores.', 798, 6, 9, '2020-03-04 13:03:26', '2020-03-04 13:03:26'),
(12, 'eum', 'Rerum aut maiores corrupti maxime. Rerum ut cupiditate reprehenderit blanditiis suscipit. Nobis iure veniam non. Alias et aut doloremque modi dolorem earum aut.', 995, 5, 27, '2020-03-04 13:03:26', '2020-03-04 13:03:26'),
(13, 'vel', 'Praesentium sed voluptas aliquam. Ea quam et corrupti minima optio consectetur. Corporis nam repellendus omnis illo. Inventore in aliquam est illum.', 280, 8, 10, '2020-03-04 13:03:27', '2020-03-04 13:03:27'),
(14, 'deserunt', 'Atque illum rem deleniti a qui. Reiciendis nulla enim repellat eaque. Consequatur architecto illum quaerat qui velit.', 808, 6, 27, '2020-03-04 13:03:27', '2020-03-04 13:03:27'),
(15, 'molestiae', 'Provident et autem et. Nobis reiciendis sit illum repellat vel et ut. Dolores est architecto totam ipsa soluta.', 628, 5, 26, '2020-03-04 13:03:27', '2020-03-04 13:03:27'),
(16, 'ut', 'Non laboriosam id dignissimos quia beatae. Neque consequuntur occaecati molestiae sapiente quibusdam. Dolor saepe dolores perferendis id.', 549, 7, 10, '2020-03-04 13:03:27', '2020-03-04 13:03:27'),
(17, 'autem', 'Sed animi eligendi voluptatum. Voluptatum autem corrupti quibusdam ut eaque est iusto totam. Dolorem et iusto voluptatem aspernatur voluptas nemo nihil. Nihil eveniet tempora repellendus rerum harum ullam.', 683, 9, 4, '2020-03-04 13:03:27', '2020-03-04 13:03:27'),
(18, 'facere', 'Nihil quia laborum quibusdam est odio dolores et. Doloribus ut quidem excepturi id eos aut quis enim. Voluptas dolores exercitationem ipsum reprehenderit aut. Explicabo debitis corporis quidem quaerat modi vitae ea.', 667, 7, 16, '2020-03-04 13:03:27', '2020-03-04 13:03:27'),
(19, 'eos', 'Nesciunt consequuntur cupiditate voluptas deserunt fugiat id. Deleniti commodi et magni sapiente amet. Sed sit velit id omnis vel necessitatibus beatae aspernatur. Officiis quidem quos sed amet dignissimos officiis.', 383, 5, 9, '2020-03-04 13:03:27', '2020-03-04 13:03:27'),
(20, 'nostrum', 'Commodi sunt dolor vero impedit atque ipsam enim. Sunt laboriosam illo nobis dolorem omnis et ratione. Dignissimos et qui amet ipsum quasi voluptates quo. Quidem commodi vitae amet suscipit dolor assumenda cum.', 688, 4, 16, '2020-03-04 13:03:27', '2020-03-04 13:03:27'),
(21, 'nostrum', 'Soluta consequuntur eum enim repudiandae. Est ea aperiam dolores animi dignissimos omnis expedita vero. Quia atque quidem modi distinctio ad molestiae sint ut. Cumque enim perspiciatis in non.', 499, 5, 18, '2020-03-04 13:03:27', '2020-03-04 13:03:27'),
(22, 'aut', 'Aut tempore harum eos ex. Autem commodi in ad architecto sunt cum. Voluptas ut quidem asperiores mollitia quam quam. Quia nesciunt eum quia voluptatem officiis maiores libero iste. Est velit repudiandae sint earum est.', 335, 6, 13, '2020-03-04 13:03:27', '2020-03-04 13:03:27'),
(23, 'itaque', 'Ullam minus eius nulla itaque corporis qui. Et non sed harum adipisci rerum. Eligendi et voluptate doloribus voluptas. Et et sint labore magni rerum.', 252, 9, 17, '2020-03-04 13:03:27', '2020-03-04 13:03:27'),
(24, 'tempore', 'Ipsa ut laboriosam reprehenderit est repellat delectus sit. Quis commodi sed repudiandae earum dolor labore.', 705, 4, 24, '2020-03-04 13:03:28', '2020-03-04 13:03:28'),
(25, 'nisi', 'Unde et facilis vero magnam nostrum aut. Qui aut consequatur iure atque dignissimos. Ea ipsam beatae distinctio eos eos.', 189, 5, 19, '2020-03-04 13:03:28', '2020-03-04 13:03:28'),
(26, 'quae', 'Sapiente quibusdam recusandae culpa facilis accusamus. Asperiores ratione cupiditate nostrum aperiam id in maxime. Possimus maxime sint nisi illum provident. Corporis eum officia ea cumque sunt nobis repudiandae. Debitis dolorem aspernatur voluptatem vero beatae.', 201, 2, 7, '2020-03-04 13:03:28', '2020-03-04 13:03:28'),
(27, 'sint', 'Eligendi suscipit est nemo commodi repellendus quae. Molestias vitae non nihil aut. Et praesentium eos eos necessitatibus. Deleniti qui suscipit dolor corporis.', 629, 7, 26, '2020-03-04 13:03:28', '2020-03-04 13:03:28'),
(28, 'vitae', 'Deserunt nesciunt quis repellat sed maxime. Optio quo quas ipsum est. Fugiat cumque eligendi molestiae placeat rem inventore omnis et. Magnam at qui alias dolores.', 259, 3, 26, '2020-03-04 13:03:28', '2020-03-04 13:03:28'),
(29, 'velit', 'Velit aut assumenda officia omnis eius aperiam quisquam ipsam. Doloribus aut occaecati repudiandae eaque provident. Non id modi omnis id.', 699, 3, 11, '2020-03-04 13:03:28', '2020-03-04 13:03:28'),
(30, 'ipsa', 'Perferendis quia aperiam in repudiandae aperiam ipsam perspiciatis omnis. Qui porro nam et laudantium asperiores rerum voluptas. Esse ab eos vel.', 103, 0, 18, '2020-03-04 13:03:28', '2020-03-04 13:03:28'),
(31, 'voluptates', 'Est sed earum explicabo sunt at. In qui quia ut quia veritatis id. Consequatur ex est aliquid natus adipisci et voluptates sint.', 857, 0, 30, '2020-03-04 13:03:28', '2020-03-04 13:03:28'),
(32, 'alias', 'Dolorem aut et aut incidunt nihil repellendus sit. Velit nostrum consequatur praesentium deserunt adipisci nihil. Dignissimos accusamus quo voluptates. Quae sapiente et eos nostrum placeat. At aspernatur ut nobis laboriosam pariatur et.', 323, 5, 23, '2020-03-04 13:03:28', '2020-03-04 13:03:28'),
(33, 'dicta', 'Illo sunt porro iusto. Aut officia reprehenderit doloremque vitae quia non. Quod quia est fuga qui iure aspernatur quis. Quibusdam dolores qui dolores.', 301, 8, 25, '2020-03-04 13:03:29', '2020-03-04 13:03:29'),
(34, 'quis', 'At sit laboriosam et quos. Dolor quam voluptas fugiat enim. Id quod et odit facilis modi accusantium.', 522, 0, 19, '2020-03-04 13:03:29', '2020-03-04 13:03:29'),
(35, 'quasi', 'Repellat quos officiis reiciendis molestiae quae ipsa quod. Veritatis voluptatem sed nostrum cupiditate nobis iusto. Dolorem libero eos in nostrum deserunt. Tempore dolores animi est sed.', 427, 3, 30, '2020-03-04 13:03:29', '2020-03-04 13:03:29'),
(36, 'nam', 'Laudantium nisi non dignissimos quisquam aut. Unde explicabo aut minima non molestiae. Commodi repudiandae reiciendis voluptas facere consequatur consequatur ipsam. Autem non quo pariatur quia rem consequatur debitis delectus.', 349, 5, 23, '2020-03-04 13:03:29', '2020-03-04 13:03:29'),
(37, 'autem', 'Pariatur eos aliquid exercitationem mollitia vero. Excepturi beatae libero similique repellat est dolorum. Nemo natus facere debitis officiis itaque quod distinctio quaerat.', 474, 1, 28, '2020-03-04 13:03:29', '2020-03-04 13:03:29'),
(38, 'recusandae', 'Porro suscipit mollitia odio corrupti animi repellat odit quasi. Cum assumenda nisi dolorem ut accusantium. Cum autem quod ipsam voluptate.', 588, 6, 18, '2020-03-04 13:03:29', '2020-03-04 13:03:29'),
(39, 'eaque', 'Molestiae omnis ut alias omnis voluptatem eligendi. Aut consequuntur ut ut non ipsa consequatur quia. Fuga deleniti unde praesentium sunt aut placeat accusantium sed.', 834, 5, 6, '2020-03-04 13:03:29', '2020-03-04 13:03:29'),
(40, 'nihil', 'Possimus praesentium quo quo. Iure sint deleniti voluptate illum quasi est. Eius consequatur sunt placeat cum sequi hic ad. Minima pariatur ducimus eum impedit accusamus officiis unde.', 878, 4, 11, '2020-03-04 13:03:29', '2020-03-04 13:03:29'),
(41, 'explicabo', 'Magni vitae veritatis exercitationem id perferendis facere et. Vitae magnam temporibus quibusdam laboriosam libero dolore. Omnis nulla laudantium libero ducimus sequi reprehenderit.', 303, 5, 21, '2020-03-04 13:03:29', '2020-03-04 13:03:29'),
(42, 'laudantium', 'Nulla ut ipsa porro commodi eos dolor nihil. Voluptates consequatur suscipit est enim tenetur vel odio. Voluptatem dolor voluptate facere.', 676, 9, 16, '2020-03-04 13:03:29', '2020-03-04 13:03:29'),
(43, 'repellat', 'Qui tempore doloremque veritatis tenetur ullam fuga vitae. Id eum et sit ea cum placeat fugiat dolorum. Natus totam harum non incidunt voluptatibus ea.', 630, 5, 29, '2020-03-04 13:03:30', '2020-03-04 13:03:30'),
(44, 'debitis', 'Sed eos quas quidem eligendi. Et harum dolores ducimus animi.', 303, 2, 29, '2020-03-04 13:03:30', '2020-03-04 13:03:30'),
(45, 'dolores', 'Quo explicabo quia quae ipsam et dolores aut. Minima unde dolor eaque corporis quis. Voluptates tenetur harum repudiandae est ut odio aut. Rerum odit quo rem consequatur.', 405, 0, 11, '2020-03-04 13:03:30', '2020-03-04 13:03:30'),
(46, 'perferendis', 'Ut eius mollitia consequatur fugiat. Est ut omnis aut consequatur dolorem veniam sed dolores. Totam distinctio cumque laborum dolor.', 286, 3, 4, '2020-03-04 13:03:30', '2020-03-04 13:03:30'),
(47, 'molestiae', 'Cupiditate a illo et. Voluptate mollitia ipsam temporibus veniam. Odit molestias recusandae reiciendis rem accusamus ut.', 655, 0, 14, '2020-03-04 13:03:30', '2020-03-04 13:03:30'),
(48, 'excepturi', 'Enim necessitatibus deleniti saepe ut dolorum laborum. Dicta sed ut rem aut quisquam quod sapiente autem. Sapiente qui consequatur et dolores ab et eum quos. Ipsum minima numquam iure.', 359, 3, 22, '2020-03-04 13:03:30', '2020-03-04 13:03:30'),
(49, 'maxime', 'Laudantium voluptas earum numquam qui provident. Officiis laborum voluptatem culpa sit placeat vitae quo. Dolorem culpa optio magnam.', 969, 1, 18, '2020-03-04 13:03:30', '2020-03-04 13:03:30'),
(50, 'reprehenderit', 'Omnis nostrum rerum id. Fugit nulla consequuntur alias rerum nisi. Corporis et praesentium nostrum tempora debitis.', 456, 5, 10, '2020-03-04 13:03:30', '2020-03-04 13:03:30');

-- --------------------------------------------------------

--
-- Table structure for table `reviews`
--

CREATE TABLE `reviews` (
  `id` int(10) UNSIGNED NOT NULL,
  `product_id` int(10) UNSIGNED NOT NULL,
  `customer` varchar(255) COLLATE utf8mb4_unicode_ci NOT NULL,
  `review` text COLLATE utf8mb4_unicode_ci NOT NULL,
  `star` int(11) NOT NULL,
  `created_at` timestamp NULL DEFAULT NULL,
  `updated_at` timestamp NULL DEFAULT NULL
) ENGINE=InnoDB DEFAULT CHARSET=utf8mb4 COLLATE=utf8mb4_unicode_ci;

--
-- Dumping data for table `reviews`
--

INSERT INTO `reviews` (`id`, `product_id`, `customer`, `review`, `star`, `created_at`, `updated_at`) VALUES
(1, 3, 'Reginald Ernser PhD', 'Pariatur temporibus est dolore quia dolor dolore qui. Facere id dolorem quod labore voluptatem quasi natus. Doloribus assumenda cumque eius distinctio sed quas. Quia ratione tempora itaque culpa maiores deleniti. Ea voluptate eius a sed sint voluptatem aliquam vel.', 4, '2020-03-04 13:03:31', '2020-03-04 13:03:31'),
(2, 13, 'Erin Leffler PhD', 'Nihil dicta quo tenetur. Dolorem quo voluptatum autem. Dolore voluptas omnis delectus voluptates hic. Similique ipsa corrupti eligendi accusantium eos id nulla asperiores.', 4, '2020-03-04 13:03:31', '2020-03-04 13:03:31'),
(3, 5, 'Alan Pouros', 'Quis repellat praesentium harum ut. Maiores iusto est cumque sequi velit saepe cum.', 5, '2020-03-04 13:03:31', '2020-03-04 13:03:31'),
(4, 13, 'Prof. Mona Runolfsdottir III', 'Amet ut quia magni sequi tenetur et et. Repellendus dolores laudantium quo veritatis neque. Aliquid animi voluptas dolor nostrum sunt quo fugit.', 4, '2020-03-04 13:03:31', '2020-03-04 13:03:31'),
(5, 37, 'Tracey Welch', 'Unde possimus velit repellendus accusamus aperiam et cumque. Nihil qui velit magnam ut quos. Doloribus ea doloribus libero quisquam. Et dolor incidunt eos enim sit aspernatur.', 5, '2020-03-04 13:03:32', '2020-03-04 13:03:32'),
(6, 50, 'Delilah Lockman II', 'Nobis unde nihil et omnis. Consequatur velit consectetur vel culpa sequi voluptatem. Et cupiditate natus aut ullam.', 5, '2020-03-04 13:03:32', '2020-03-04 13:03:32'),
(7, 30, 'Filomena Schmeler Jr.', 'Expedita iste sit qui accusamus non. Aut adipisci iste accusamus et. Alias sapiente ratione et qui fugiat est laboriosam et. Sint incidunt et quis quia.', 5, '2020-03-04 13:03:32', '2020-03-04 13:03:32'),
(8, 25, 'Richard Tillman', 'Dolor qui dolore sit nobis. Fuga rerum similique iure impedit et modi. Eum non repellendus laudantium et ex. Tempora hic quis in ut eius.', 4, '2020-03-04 13:03:32', '2020-03-04 13:03:32'),
(9, 41, 'Prof. Jon Hermiston Sr.', 'Natus quis omnis ducimus natus harum qui. Repudiandae quia et ut maxime quis non nulla. Natus voluptas earum amet quia at enim. Recusandae doloremque nam temporibus repellat rem porro iusto.', 3, '2020-03-04 13:03:32', '2020-03-04 13:03:32'),
(10, 2, 'Mr. Mckenzie Gutmann', 'Quia rerum necessitatibus saepe assumenda iusto velit. Ad similique fugiat ea quo. Dicta rerum quia autem provident. Doloremque dolores vero omnis libero porro eveniet suscipit.', 2, '2020-03-04 13:03:32', '2020-03-04 13:03:32'),
(11, 33, 'Mortimer Gutmann', 'Magnam distinctio maxime debitis voluptatibus eius exercitationem sint. Ea magni velit cum officia. Vero voluptatem aut officia error ut repellendus. Ipsam quia nihil reiciendis quae praesentium ullam esse.', 2, '2020-03-04 13:03:32', '2020-03-04 13:03:32'),
(12, 36, 'Lucie Fahey II', 'Rerum harum dolores ab et qui provident commodi. Illo perferendis sapiente accusamus pariatur. Explicabo qui officiis ex facilis ratione et. Et in assumenda repellendus ea enim omnis.', 3, '2020-03-04 13:03:32', '2020-03-04 13:03:32'),
(13, 44, 'Gabriella Lesch', 'Molestiae quisquam veritatis voluptatibus laudantium suscipit iste. Eaque et quasi qui. Officia odio quia ut quas dicta magnam.', 2, '2020-03-04 13:03:32', '2020-03-04 13:03:32'),
(14, 29, 'Raleigh Thiel', 'Vitae sint ex commodi praesentium magnam fuga. Magnam sed quis sit omnis est sed. Dolor quis quis aut voluptatem amet sunt repudiandae.', 5, '2020-03-04 13:03:32', '2020-03-04 13:03:32'),
(15, 13, 'Maxine Ankunding I', 'Perspiciatis quibusdam officiis quia aut dolore dolores. Perspiciatis molestiae voluptates illo ut accusamus tempore sint. Esse tempore nemo maxime id sunt nobis voluptatem sint. Ut aut dignissimos et.', 5, '2020-03-04 13:03:33', '2020-03-04 13:03:33'),
(16, 18, 'Orie D\'Amore', 'Et voluptas nobis enim totam neque. Iusto debitis nulla numquam quia et et. Molestias molestiae reprehenderit veniam sed. Voluptatem dicta ad consequatur consequatur.', 4, '2020-03-04 13:03:33', '2020-03-04 13:03:33'),
(17, 13, 'Britney Brekke', 'Quibusdam optio sequi sunt et veritatis. Voluptatem dolore in accusantium sed voluptas aperiam. Dicta doloribus nihil quae asperiores tenetur laboriosam excepturi. Perspiciatis et inventore minus officia et distinctio velit. Quam consectetur in consequuntur ut.', 4, '2020-03-04 13:03:33', '2020-03-04 13:03:33'),
(18, 50, 'Citlalli Kuphal', 'Sed porro fugit aliquam. Veniam quibusdam sit maiores voluptatum. Et laborum earum ut quam iure ullam voluptatem. Odit repellendus suscipit vero in.', 3, '2020-03-04 13:03:33', '2020-03-04 13:03:33'),
(19, 6, 'Ladarius Monahan II', 'Consequatur voluptatem suscipit suscipit voluptatem facilis non. Dolorem consequuntur eum non qui magni est. Sequi aut beatae accusamus. Non architecto ut voluptas qui.', 2, '2020-03-04 13:03:33', '2020-03-04 13:03:33'),
(20, 26, 'Eliane Stokes', 'Sint assumenda quia nihil quas ex autem facilis perferendis. Et nesciunt rerum animi et. Sit optio reiciendis id dolorum qui dicta. Sint maxime corrupti alias eligendi aliquam aut.', 2, '2020-03-04 13:03:33', '2020-03-04 13:03:33'),
(21, 18, 'Bernadette Zulauf', 'Atque voluptatem esse non earum autem tempore repellat. Sit quia cupiditate quia qui nisi. Doloribus corporis quae non et. Vero cum et in harum sint velit nostrum perspiciatis.', 2, '2020-03-04 13:03:33', '2020-03-04 13:03:33'),
(22, 46, 'Rafaela Powlowski', 'Et sit quasi et velit. Ad perferendis deserunt aut rerum quaerat exercitationem. Eaque iure harum itaque consequuntur rerum. Vel ea ea quasi perferendis et omnis.', 4, '2020-03-04 13:03:33', '2020-03-04 13:03:33'),
(23, 25, 'Malvina Russel', 'Doloremque a nostrum soluta repellendus quasi. Mollitia eos veniam quia laboriosam itaque eum. Nesciunt magnam iste accusamus excepturi fugit autem. Voluptate vel et sapiente.', 5, '2020-03-04 13:03:33', '2020-03-04 13:03:33'),
(24, 12, 'Zetta Rutherford Jr.', 'Ut aut velit dicta illo. Ab facere ipsam reiciendis harum rerum voluptate non. Voluptate omnis fuga consequuntur praesentium. Ducimus quis dicta molestiae velit possimus facere ex doloribus. Est dolorem et ea delectus quo voluptate.', 4, '2020-03-04 13:03:34', '2020-03-04 13:03:34'),
(25, 31, 'Dr. Alden Little DDS', 'Praesentium esse sint quis enim ut aperiam. Itaque beatae explicabo eius. Quaerat ut iste suscipit sed quasi.', 4, '2020-03-04 13:03:34', '2020-03-04 13:03:34'),
(26, 13, 'Ms. Matilde Lubowitz Sr.', 'Dolores quibusdam est quo aut exercitationem ut et perferendis. Et amet ratione cum et distinctio iure ad. Ab pariatur minima quo error totam.', 5, '2020-03-04 13:03:34', '2020-03-04 13:03:34'),
(27, 34, 'Ms. Jaquelin Beatty', 'Ea iste aut nihil reiciendis nobis qui aliquid. Enim beatae iure minus id. Neque dicta aut et at amet aspernatur adipisci excepturi.', 3, '2020-03-04 13:03:34', '2020-03-04 13:03:34'),
(28, 40, 'Mr. Jess Grimes', 'Eveniet quaerat aperiam officiis cupiditate est magni ullam. Beatae quia nihil qui repellendus sed. Voluptate aliquam sed tenetur omnis necessitatibus.', 2, '2020-03-04 13:03:34', '2020-03-04 13:03:34'),
(29, 38, 'Cicero Witting', 'Qui excepturi quo animi repellendus et. Voluptatem tempora qui aut magni. Praesentium voluptates rem odio dolorem nam in omnis. Nobis aut odit rerum nisi deserunt perferendis.', 3, '2020-03-04 13:03:34', '2020-03-04 13:03:34'),
(30, 2, 'Mr. Jaren Schimmel II', 'Aut enim repellat quaerat asperiores quidem quia voluptatem. Beatae aut aliquam quia soluta hic dolor nihil. Distinctio sed debitis qui doloribus voluptate omnis.', 4, '2020-03-04 13:03:34', '2020-03-04 13:03:34'),
(31, 43, 'Prof. Sterling Vandervort I', 'Sunt quam quis similique sit dolorum. Voluptas iste voluptatum ab soluta praesentium et nemo perspiciatis. Sunt at sequi assumenda.', 2, '2020-03-04 13:03:34', '2020-03-04 13:03:34'),
(32, 25, 'Madie Terry', 'In neque at et est esse. Tempore deserunt qui accusantium. Quam culpa in sint fugit praesentium dolores reiciendis dolor.', 2, '2020-03-04 13:03:34', '2020-03-04 13:03:34'),
(33, 7, 'Ladarius Emard II', 'Qui omnis ut nulla repellendus. Aliquid ea amet vel explicabo. Placeat at eum enim neque optio dicta consequatur. Quisquam dolorem inventore a cum.', 3, '2020-03-04 13:03:35', '2020-03-04 13:03:35'),
(34, 31, 'Katlynn Cremin', 'Non sit qui et ipsum ipsum. Consequatur magnam et ducimus enim dolores repudiandae omnis quae. Quis accusamus recusandae nam repellendus natus.', 2, '2020-03-04 13:03:35', '2020-03-04 13:03:35'),
(35, 13, 'Taya Grant', 'Facere officiis dolor repudiandae illum earum et aut. Tempore minima unde quia id in. Libero quis tempora est voluptatem nemo neque sapiente. Eos amet perspiciatis quo temporibus cumque similique.', 2, '2020-03-04 13:03:35', '2020-03-04 13:03:35'),
(36, 43, 'Jerald Barton', 'Maiores dolorem nulla explicabo non qui ut. Neque ducimus qui maiores id harum omnis sed at. Occaecati aut quasi qui tempora esse asperiores quia. Quibusdam accusantium repellat sit exercitationem omnis.', 4, '2020-03-04 13:03:35', '2020-03-04 13:03:35'),
(37, 19, 'Dr. Preston Swift III', 'Facilis eaque dolor commodi blanditiis dolor quaerat. Ratione perspiciatis illo iure et est. Ratione voluptate aspernatur quae vel.', 4, '2020-03-04 13:03:35', '2020-03-04 13:03:35'),
(38, 29, 'Delilah Casper', 'Soluta ipsum deserunt molestiae quasi illo ad. Veritatis modi debitis corrupti debitis. Fugit praesentium nihil sint sed aut. Iste et sed iusto harum et.', 2, '2020-03-04 13:03:35', '2020-03-04 13:03:35'),
(39, 49, 'Retta Denesik', 'Est voluptates non nisi. Consequuntur praesentium voluptas unde odio. Placeat consequuntur non quos.', 5, '2020-03-04 13:03:35', '2020-03-04 13:03:35'),
(40, 23, 'Leone Donnelly II', 'Voluptatem sint quidem laudantium voluptatem consectetur alias quis. Rerum quos est quis at maxime sint. Et omnis in dolorem. Doloremque est quo eos aut recusandae sed aut exercitationem. Atque ut quos vel praesentium deserunt.', 5, '2020-03-04 13:03:35', '2020-03-04 13:03:35'),
(41, 36, 'Damian Trantow', 'Harum cumque sit molestiae fugiat ut. Quibusdam ipsa vel debitis et. Quos quam dicta voluptatum modi. Ut accusantium reiciendis enim ab reiciendis mollitia.', 5, '2020-03-04 13:03:35', '2020-03-04 13:03:35'),
(42, 30, 'Merl Dibbert', 'Inventore atque similique perspiciatis. Voluptas eos ea qui a ex suscipit praesentium. Soluta deleniti saepe et totam quis id.', 3, '2020-03-04 13:03:36', '2020-03-04 13:03:36'),
(43, 16, 'Grayce Paucek', 'Ut adipisci error sint ea. Mollitia fuga pariatur qui vel.', 3, '2020-03-04 13:03:36', '2020-03-04 13:03:36'),
(44, 18, 'Verner Greenfelder', 'Eum accusantium quibusdam deserunt maxime corporis. Dolor provident placeat laboriosam corrupti cum. Dolore deleniti a possimus et libero impedit. A consequuntur provident praesentium libero non ipsam.', 2, '2020-03-04 13:03:36', '2020-03-04 13:03:36'),
(45, 22, 'Dr. Elvie Lehner', 'Repellendus quia voluptas recusandae necessitatibus alias assumenda. Alias qui ab doloremque est consequatur amet numquam. Blanditiis omnis quaerat nihil ipsum libero modi nulla maiores. Quis iste qui error eos reiciendis asperiores.', 4, '2020-03-04 13:03:36', '2020-03-04 13:03:36'),
(46, 38, 'Dr. Gene Kessler MD', 'Alias ab voluptatem quia error et est. Ut delectus laudantium quidem dolorem commodi. Qui esse tempore sunt quaerat. Aut optio labore perspiciatis architecto libero optio explicabo.', 3, '2020-03-04 13:03:36', '2020-03-04 13:03:36'),
(47, 28, 'Loyce Effertz', 'Cum tempore eaque eius aliquam exercitationem cum accusamus. Officiis reiciendis dolores non qui ea dignissimos. Hic aut eius voluptatem magni repudiandae.', 3, '2020-03-04 13:03:36', '2020-03-04 13:03:36'),
(48, 26, 'Prof. Kellen Lubowitz Sr.', 'Quos qui sit consectetur enim hic. Ea blanditiis deserunt et est sint qui iste perspiciatis.', 4, '2020-03-04 13:03:36', '2020-03-04 13:03:36'),
(49, 15, 'Marlin Bartoletti', 'Praesentium quos odio voluptatem accusamus. Dignissimos voluptatum velit ut ut aut et id. Consectetur quia dicta doloremque non. Voluptas et temporibus sit aperiam.', 2, '2020-03-04 13:03:36', '2020-03-04 13:03:36'),
(50, 36, 'Miss Alba Witting DVM', 'Est eos nostrum sit suscipit illo facilis. At suscipit tempore voluptatem aliquam. Modi et earum voluptas repellendus modi aut dicta. Autem dolorem rerum perspiciatis.', 5, '2020-03-04 13:03:36', '2020-03-04 13:03:36'),
(51, 24, 'Petra Davis', 'Et omnis sed praesentium rerum. Dolor quo voluptatem dolor deleniti nihil sit. Facilis non vitae maxime at et. Quae sint sit libero sint molestiae adipisci.', 3, '2020-03-04 13:03:37', '2020-03-04 13:03:37'),
(52, 39, 'Yesenia O\'Keefe', 'Porro est ex aut nihil officia. Et non illo laborum et incidunt aut et. Laborum et voluptatem aut ea accusamus incidunt.', 5, '2020-03-04 13:03:37', '2020-03-04 13:03:37'),
(53, 6, 'Jennie Rippin', 'Ut aperiam enim dolorem repudiandae sint quas corrupti. Delectus quidem qui dolor corporis cumque consectetur libero. Ullam et est nihil eius vero.', 5, '2020-03-04 13:03:37', '2020-03-04 13:03:37'),
(54, 34, 'Stella Prosacco', 'Sed dolor quos facilis illo commodi. Accusamus illo cupiditate natus fugit rerum. Quibusdam sit pariatur exercitationem esse modi eum.', 4, '2020-03-04 13:03:37', '2020-03-04 13:03:37'),
(55, 39, 'Anabelle Okuneva III', 'Maiores ut excepturi est aut suscipit et quod est. Laudantium delectus quasi odit aut id et deleniti iure. Dolor aliquid ipsa reiciendis minima. Temporibus minus natus repudiandae consequatur.', 5, '2020-03-04 13:03:37', '2020-03-04 13:03:37'),
(56, 17, 'Ms. Corine Weber', 'Laborum dignissimos quo quia quis necessitatibus. Sint libero et libero ut. Enim cumque tempora non dolore voluptate. Temporibus non ratione rerum labore consequatur.', 5, '2020-03-04 13:03:37', '2020-03-04 13:03:37'),
(57, 41, 'Leland Parker', 'Voluptas velit nesciunt voluptas ab qui. Sunt dolorum eum iusto. Dolores quia recusandae id. Est dignissimos repudiandae corporis voluptatibus odit ut magnam.', 4, '2020-03-04 13:03:37', '2020-03-04 13:03:37'),
(58, 39, 'Prof. Margaretta Yost', 'Voluptate sed consectetur fuga id enim laborum omnis. Qui consequatur sed qui. Eaque consequatur rem in ullam. Porro ratione debitis quos excepturi nostrum optio deleniti.', 3, '2020-03-04 13:03:37', '2020-03-04 13:03:37'),
(59, 41, 'Enola Shanahan', 'Ut et aperiam provident fugiat excepturi temporibus quo dolorum. Sint nihil aut sit tenetur.', 4, '2020-03-04 13:03:38', '2020-03-04 13:03:38'),
(60, 29, 'Nora Terry', 'Numquam adipisci modi porro. Ad temporibus accusantium aut amet adipisci iure unde. Quia nulla asperiores et qui eos non.', 4, '2020-03-04 13:03:38', '2020-03-04 13:03:38'),
(61, 21, 'Elta Block', 'Quaerat enim vel omnis placeat. Voluptatem et voluptas porro quos alias reprehenderit distinctio. Temporibus natus rerum ipsa similique unde dolores aut. Et aliquid sapiente hic recusandae debitis qui ut.', 2, '2020-03-04 13:03:38', '2020-03-04 13:03:38'),
(62, 14, 'Mariane Wehner', 'Minima nesciunt cupiditate ea est cum. Aut eveniet accusamus ut laborum. Quod est dolorem voluptatem voluptatem.', 5, '2020-03-04 13:03:38', '2020-03-04 13:03:38'),
(63, 19, 'Melba Klein', 'Voluptas veniam veniam eligendi est molestiae eius. Eligendi in id libero quia commodi aut. Aliquam aliquam ducimus placeat in mollitia. Rem quia consequatur enim optio.', 3, '2020-03-04 13:03:38', '2020-03-04 13:03:38'),
(64, 21, 'Mr. Desmond Bashirian', 'Est cupiditate quod provident blanditiis placeat sapiente eos. Voluptatibus rem minus sed sit fuga. Quo eius consequatur asperiores repellat. Amet sequi asperiores fuga.', 2, '2020-03-04 13:03:38', '2020-03-04 13:03:38'),
(65, 7, 'Keely Heller', 'Debitis sit quae libero qui. Voluptatibus quia doloremque eius nostrum. Id eos numquam voluptates non in dicta dolorem qui.', 4, '2020-03-04 13:03:38', '2020-03-04 13:03:38'),
(66, 23, 'Dr. Clarissa Gutkowski V', 'Est fuga eum ea et eum consequuntur odit. Qui corporis dolores id iusto illo qui in. Quisquam autem natus earum quam sed. Rerum labore omnis quo et architecto quia.', 4, '2020-03-04 13:03:38', '2020-03-04 13:03:38'),
(67, 9, 'Mrs. Esta Auer MD', 'Aut excepturi recusandae autem. Velit omnis officia voluptas soluta. Recusandae natus qui amet. Assumenda quia voluptas consequatur nesciunt reprehenderit.', 2, '2020-03-04 13:03:38', '2020-03-04 13:03:38'),
(68, 4, 'Erick Wunsch', 'Laudantium tempore qui error. Dolores error expedita fugiat maxime ea fugiat occaecati. Est vitae est doloribus est eveniet nihil officiis quia. Perferendis et laboriosam tempora assumenda. Et iusto architecto aperiam sunt.', 3, '2020-03-04 13:03:39', '2020-03-04 13:03:39'),
(69, 31, 'Dr. Dorthy Padberg', 'Omnis officiis labore et vel corporis assumenda. Consequatur non voluptatem rerum consectetur voluptas doloribus quibusdam fugiat. Optio reiciendis illo sit inventore est qui voluptates. Error ducimus ut doloribus id illum quis corporis occaecati.', 3, '2020-03-04 13:03:39', '2020-03-04 13:03:39'),
(70, 2, 'Tyrese Schowalter Sr.', 'Placeat sunt et nostrum quia velit aut dolores. Odit nemo ex ea sed illo maiores aliquam eius.', 5, '2020-03-04 13:03:39', '2020-03-04 13:03:39'),
(71, 14, 'Bennett Purdy', 'Sapiente voluptatem expedita est. Doloribus nostrum enim aliquam maxime voluptas a aut eligendi. Sint ipsa iusto velit eligendi aliquam et dolores et.', 3, '2020-03-04 13:03:39', '2020-03-04 13:03:39'),
(72, 4, 'Cleve Yundt', 'Dolorem et est dicta at occaecati eveniet temporibus iste. Non voluptas et odio ea enim. Soluta repudiandae nihil qui nisi soluta ut molestiae. Non et qui beatae assumenda recusandae.', 3, '2020-03-04 13:03:39', '2020-03-04 13:03:39'),
(73, 10, 'Max McLaughlin', 'Quibusdam molestiae mollitia necessitatibus vitae. Maiores iure aut delectus voluptatem. Nihil incidunt doloribus ipsum.', 5, '2020-03-04 13:03:39', '2020-03-04 13:03:39'),
(74, 28, 'Cecilia Schroeder III', 'Aut est id et expedita mollitia aut. Accusamus nostrum culpa molestias quia aut fuga. Rerum sit sed sint est illum. Est quo mollitia corrupti nihil autem.', 5, '2020-03-04 13:03:39', '2020-03-04 13:03:39'),
(75, 6, 'Osbaldo Corkery', 'Rerum et incidunt qui. Sed et culpa aut veniam vitae voluptate. Id fugit enim possimus expedita repellat assumenda. Eum laudantium rerum nihil.', 3, '2020-03-04 13:03:40', '2020-03-04 13:03:40'),
(76, 30, 'Dorothea Strosin', 'Modi assumenda dicta eligendi. Et facilis saepe ipsum maxime tempora exercitationem. Totam animi nostrum tempora. Fugiat illo reiciendis atque et numquam. Aliquam error voluptatem necessitatibus explicabo.', 2, '2020-03-04 13:03:40', '2020-03-04 13:03:40'),
(77, 38, 'Ms. Flossie Tillman IV', 'Et recusandae eos est laboriosam alias. Qui molestiae magni magni aspernatur. Alias dicta hic voluptas voluptas odit sapiente. Vel nulla et est quis velit. Saepe quia harum ex est et.', 5, '2020-03-04 13:03:40', '2020-03-04 13:03:40'),
(78, 1, 'Mr. Orval Denesik', 'Hic et et itaque quos enim esse. Quia eius reprehenderit officiis asperiores voluptatem aspernatur qui. Repellat magnam ipsum temporibus laboriosam eligendi hic. Enim nam ut ut odio necessitatibus totam.', 2, '2020-03-04 13:03:40', '2020-03-04 13:03:40'),
(79, 21, 'Dr. Frankie Friesen Jr.', 'Modi rerum ullam ut quae nulla sapiente delectus. Sunt amet officia est. Quibusdam consequatur alias porro sit soluta animi.', 2, '2020-03-04 13:03:40', '2020-03-04 13:03:40'),
(80, 1, 'Jovanny Rosenbaum PhD', 'Non quo fuga blanditiis qui quibusdam expedita voluptatem. Reprehenderit aliquid modi id sed accusantium odit. Voluptatum velit dolorum qui.', 5, '2020-03-04 13:03:40', '2020-03-04 13:03:40'),
(81, 19, 'Hal Carroll', 'Provident aliquid alias officiis saepe rerum aliquid vel. Voluptatum enim illo ea animi velit. Qui voluptates enim incidunt non harum sapiente aut. Deserunt dicta quia et aliquam eum iure. Minus est at labore neque error.', 5, '2020-03-04 13:03:40', '2020-03-04 13:03:40'),
(82, 43, 'Sarah Ebert', 'Nemo perspiciatis quis id quis ut. Quos minus molestias ullam est maxime quibusdam. Sit odio est voluptas dolor dolor velit aliquid.', 5, '2020-03-04 13:03:40', '2020-03-04 13:03:40'),
(83, 16, 'Dr. Natalia Goodwin', 'Dolores ab perspiciatis quae iste ad consequatur omnis. Reprehenderit est tempora possimus nostrum. Necessitatibus dolor dolores neque vero sed ut.', 4, '2020-03-04 13:03:40', '2020-03-04 13:03:40'),
(84, 50, 'Dr. Eleonore Trantow', 'Commodi modi molestiae itaque rerum cum. Et fugit voluptate ipsum consequatur. Maxime rerum dolores maxime et in exercitationem fugiat.', 3, '2020-03-04 13:03:40', '2020-03-04 13:03:40'),
(85, 11, 'Tyrell Hessel IV', 'Similique asperiores et in consequatur. Dignissimos aut aut at aut enim quasi nostrum voluptatem. Hic delectus numquam impedit beatae. Voluptas placeat inventore magni placeat atque.', 5, '2020-03-04 13:03:41', '2020-03-04 13:03:41'),
(86, 36, 'Shaniya Pacocha', 'Quisquam doloremque neque rerum quam aut sed. Tempora odit in id molestias vitae aut perferendis. Perferendis aliquid a inventore. Doloremque facilis repellat enim quibusdam dolores voluptates. Deleniti eveniet placeat explicabo illo fuga quisquam.', 2, '2020-03-04 13:03:41', '2020-03-04 13:03:41'),
(87, 29, 'Maegan Fritsch', 'Velit molestiae corrupti fuga nobis. Impedit velit et aliquam velit facere nemo voluptas. Quis iusto qui dicta qui delectus.', 3, '2020-03-04 13:03:41', '2020-03-04 13:03:41'),
(88, 13, 'Estella Macejkovic', 'Reiciendis consequatur explicabo enim iusto incidunt cupiditate sed. Quisquam consectetur molestiae velit commodi repellendus. Est ipsum aut et. Distinctio sunt vitae labore doloremque voluptates quia.', 4, '2020-03-04 13:03:42', '2020-03-04 13:03:42'),
(89, 40, 'Ms. Mollie O\'Keefe', 'Minima repudiandae inventore totam ut est in nam. Quis ipsa id ut reprehenderit magnam autem. Incidunt mollitia quas laboriosam consequatur deleniti dicta unde est. Magni corrupti eum dolore harum at dignissimos suscipit.', 3, '2020-03-04 13:03:42', '2020-03-04 13:03:42'),
(90, 20, 'Tiffany Reinger', 'Aut sed dolorem laborum omnis aliquid earum. Et dicta officia ducimus maxime. Voluptate velit dolores vitae earum deserunt omnis optio.', 5, '2020-03-04 13:03:42', '2020-03-04 13:03:42'),
(91, 7, 'Eldridge Nienow', 'Suscipit exercitationem numquam hic nemo nobis ratione. Sint voluptate fugit aut eius. Et est qui et ab beatae at sint aut. Incidunt nostrum corporis consequatur.', 5, '2020-03-04 13:03:42', '2020-03-04 13:03:42'),
(92, 9, 'Darwin Crist', 'Mollitia velit consectetur voluptas ipsa. Et et voluptatem sapiente molestiae. Consequatur aut ipsum quia vitae iste voluptas rem eum.', 3, '2020-03-04 13:03:42', '2020-03-04 13:03:42'),
(93, 30, 'Leanne Langosh', 'Corporis eaque occaecati assumenda cumque. Ea aspernatur vel dolor.', 4, '2020-03-04 13:03:42', '2020-03-04 13:03:42'),
(94, 4, 'Susana Hoppe', 'Deleniti dolorum explicabo culpa voluptas. Facere et voluptatibus provident sed. Amet quo exercitationem tempora dolorem aut architecto qui. Repellat voluptates molestiae sint.', 3, '2020-03-04 13:03:42', '2020-03-04 13:03:42'),
(95, 27, 'Kaylin Stroman DDS', 'Dolore quis quo deleniti temporibus dicta. Aspernatur aliquam quia sed. Rerum consequuntur illum cum. Repellat rerum et eos et exercitationem quo.', 5, '2020-03-04 13:03:42', '2020-03-04 13:03:42'),
(96, 18, 'Colin Bauch', 'Rerum qui quis voluptas molestias blanditiis unde. Velit sit hic assumenda culpa repudiandae. Fuga numquam aliquid est doloremque earum corrupti fuga. Quia natus iste qui a placeat iusto.', 3, '2020-03-04 13:03:42', '2020-03-04 13:03:42'),
(97, 12, 'Vita Hintz', 'Nihil delectus possimus aut delectus quis a. Molestiae et aperiam quaerat consequuntur commodi accusamus facilis. Ut facere architecto saepe eos soluta architecto.', 5, '2020-03-04 13:03:43', '2020-03-04 13:03:43'),
(98, 3, 'Rachel Emmerich', 'Voluptas repellendus ipsa quis corporis voluptatem corporis. Repellat nam voluptas deserunt hic rem blanditiis aut. Ut error aut quisquam labore rerum et ratione esse. Esse omnis aliquam fugiat.', 2, '2020-03-04 13:03:43', '2020-03-04 13:03:43'),
(99, 43, 'Marguerite D\'Amore', 'Voluptas totam dolorem nihil libero. Sit qui quisquam tempora accusamus. Et et repudiandae consectetur similique aliquam nulla. Id possimus eum explicabo repudiandae voluptatem eligendi.', 5, '2020-03-04 13:03:43', '2020-03-04 13:03:43'),
(100, 32, 'Yoshiko Weimann', 'Et et numquam ut sint labore inventore. Ut quod fugiat distinctio delectus dolores. Est officia rem porro neque expedita eum tempore ad. Voluptatem eos recusandae sed libero sunt. Reprehenderit at distinctio commodi doloremque.', 5, '2020-03-04 13:03:43', '2020-03-04 13:03:43'),
(101, 20, 'Shania Veum', 'Sit nemo aut fugit. Voluptatem non iste a quis ut exercitationem ipsa. Sit deserunt quis voluptate deleniti.', 4, '2020-03-04 13:03:43', '2020-03-04 13:03:43'),
(102, 45, 'Aracely Kirlin', 'Architecto in laudantium voluptas nobis temporibus inventore. Dolorem id et est numquam amet corporis architecto praesentium. Quod eaque sunt amet et dolore ipsa et molestias. Perferendis illum possimus voluptas eveniet vel.', 2, '2020-03-04 13:03:44', '2020-03-04 13:03:44'),
(103, 40, 'Julius White DDS', 'Vitae nemo nihil corrupti temporibus omnis et at aut. Quia et unde velit. Asperiores aut enim necessitatibus fugit autem quo cupiditate. Excepturi ea tempore nobis.', 4, '2020-03-04 13:03:44', '2020-03-04 13:03:44'),
(104, 3, 'Kyleigh Fahey', 'Et iure ad omnis eveniet cum qui. Ut nulla molestias minus et. Quod alias omnis earum dolores unde et quos. Beatae veniam possimus quisquam.', 3, '2020-03-04 13:03:44', '2020-03-04 13:03:44'),
(105, 28, 'Dr. Yvonne Kris I', 'Est molestiae aperiam ea voluptatem veniam. Nostrum et quia aut deleniti. Et voluptate autem vitae dolorem consectetur.', 3, '2020-03-04 13:03:44', '2020-03-04 13:03:44'),
(106, 37, 'Dolores Jenkins', 'Ab iusto nostrum in optio quo. Voluptatibus provident et quia modi recusandae. Minima aut velit neque ullam. Omnis corporis sed consequatur voluptate labore et.', 4, '2020-03-04 13:03:44', '2020-03-04 13:03:44'),
(107, 2, 'Prof. Einar Koepp III', 'Voluptatem et explicabo earum et et ad. Laborum atque magni incidunt repellat repellendus in molestias. Adipisci corrupti porro expedita quae molestiae ipsam.', 3, '2020-03-04 13:03:44', '2020-03-04 13:03:44'),
(108, 1, 'Isabella McCullough', 'Qui iure velit eveniet quidem aperiam iste ut. Voluptatibus molestiae quia quos dolore expedita quia est. Saepe et nihil quasi exercitationem doloremque optio delectus voluptas.', 4, '2020-03-04 13:03:44', '2020-03-04 13:03:44'),
(109, 15, 'Lamar Sauer II', 'Eos et enim sit magni voluptas quod. Eos debitis reprehenderit saepe et quia molestias eum.', 3, '2020-03-04 13:03:44', '2020-03-04 13:03:44'),
(110, 47, 'Dr. Dillan Funk', 'Ea iste eum magni ut omnis officiis. Nisi dolorem suscipit voluptas nesciunt. Officia id et consequatur nemo rerum explicabo at. Unde sit id rerum. Suscipit iusto autem qui consequatur.', 4, '2020-03-04 13:03:45', '2020-03-04 13:03:45'),
(111, 8, 'Ignacio Stroman Jr.', 'Et ipsum sunt eum voluptatem. Velit ut dolores tempora id optio culpa deserunt. Maiores rerum est fugiat voluptate soluta sequi deleniti.', 3, '2020-03-04 13:03:45', '2020-03-04 13:03:45'),
(112, 11, 'Alexis Purdy', 'Temporibus voluptas iste quia vero. Consectetur ut ex et quasi est similique. Eos eaque voluptatem aut possimus. Optio nihil quia ipsa.', 5, '2020-03-04 13:03:45', '2020-03-04 13:03:45'),
(113, 1, 'Rahul Tremblay', 'Voluptas reiciendis ut est cupiditate ipsam. Recusandae nemo itaque veritatis sit tenetur dolorem. Et doloremque dolorem velit nihil debitis. Praesentium aut dolor inventore architecto culpa delectus nulla.', 2, '2020-03-04 13:03:45', '2020-03-04 13:03:45'),
(114, 6, 'Dr. Lyda Durgan PhD', 'Rerum modi dolor dolor voluptas pariatur fugit provident. Molestiae ipsum soluta quis eaque ad. Porro non nesciunt aliquam sequi non. Et numquam consequatur tempore dolores alias.', 4, '2020-03-04 13:03:45', '2020-03-04 13:03:45'),
(115, 19, 'Moses Howell', 'Enim asperiores incidunt omnis aspernatur facilis sint iure. Nostrum minus assumenda dignissimos deserunt aliquam quaerat aut. Quam nesciunt numquam molestiae sit repellendus odit. Est ut voluptatem consequuntur eveniet. Sed et illo illum rerum placeat soluta consectetur.', 5, '2020-03-04 13:03:45', '2020-03-04 13:03:45'),
(116, 50, 'Sylvester Boyle', 'Architecto porro a ipsum enim ullam atque ea. Ratione omnis dolor ut. Consequuntur dolor ex at qui voluptas provident ut. Possimus inventore modi sed ducimus.', 4, '2020-03-04 13:03:45', '2020-03-04 13:03:45'),
(117, 2, 'Dallas Heidenreich', 'Sunt eius sunt officia laboriosam. Dolorem excepturi placeat aut maxime labore. Consequatur in quia delectus dolore et. Tempore omnis occaecati impedit et id et.', 5, '2020-03-04 13:03:45', '2020-03-04 13:03:45'),
(118, 7, 'Nathanael Lakin', 'Saepe quas id consequatur. Assumenda corporis perferendis dolorem aut dolorum labore. Necessitatibus esse quo doloribus ad.', 3, '2020-03-04 13:03:45', '2020-03-04 13:03:45'),
(119, 10, 'Antonietta Grady IV', 'Qui doloremque amet porro at. Iusto aut ullam dolorum harum porro quo. Rerum voluptates omnis dolores ut. Eaque facilis enim velit quae.', 3, '2020-03-04 13:03:46', '2020-03-04 13:03:46'),
(120, 44, 'Malachi Davis', 'Nihil accusantium labore quia inventore. Earum vero molestiae praesentium quibusdam hic illo dolorem velit. Accusamus doloribus adipisci alias vel quia qui.', 5, '2020-03-04 13:03:46', '2020-03-04 13:03:46'),
(121, 31, 'Mrs. Bryana Kulas', 'Architecto recusandae consequatur rerum autem deserunt. Neque ad exercitationem et molestias quibusdam dolorem. Expedita velit quam nihil mollitia. Enim ipsa aliquid totam quia ab.', 3, '2020-03-04 13:03:46', '2020-03-04 13:03:46'),
(122, 6, 'Obie Bernier', 'Id nihil aut sit est. Architecto incidunt laborum ad laboriosam fugit.', 2, '2020-03-04 13:03:46', '2020-03-04 13:03:46'),
(123, 1, 'Shanelle Ryan', 'Aut dolorem et sit qui. Voluptas et et in neque sunt necessitatibus. Tenetur incidunt reiciendis voluptatem dolore similique. Soluta qui mollitia pariatur.', 5, '2020-03-04 13:03:46', '2020-03-04 13:03:46'),
(124, 39, 'Prof. Craig Gleichner', 'Voluptatem sint molestiae nihil. Corporis totam ratione quos rerum iure perferendis. Sed quibusdam maiores sed voluptatem rem.', 3, '2020-03-04 13:03:46', '2020-03-04 13:03:46'),
(125, 29, 'Velma Wolff Jr.', 'Ea eaque architecto ullam voluptates similique. Architecto necessitatibus illo incidunt excepturi natus ut. Ex itaque ipsum ea illum harum iusto eaque perferendis.', 2, '2020-03-04 13:03:46', '2020-03-04 13:03:46'),
(126, 8, 'Dr. Jess Welch V', 'Ab similique deleniti deleniti vitae sapiente reprehenderit eos nostrum. Iure dolore eaque excepturi ab quas. Quae est unde omnis nulla et sint est. Illo praesentium facilis nisi et rerum quia itaque.', 2, '2020-03-04 13:03:47', '2020-03-04 13:03:47'),
(127, 40, 'Fernando Anderson', 'Voluptatum harum consequatur facilis ut tempora eum. Ut id nesciunt magnam est eius. Cupiditate suscipit debitis numquam minus voluptas laudantium omnis. Exercitationem iusto soluta sed ut ullam ipsa suscipit.', 2, '2020-03-04 13:03:47', '2020-03-04 13:03:47'),
(128, 1, 'Dr. Jana Mann', 'Corporis sed dolorem corrupti aliquid eos impedit dolorem. Et dolorem eaque ut nemo et. Cum perspiciatis autem accusamus autem earum sit nobis delectus. Ipsam consequatur est cum sit pariatur similique magnam.', 2, '2020-03-04 13:03:47', '2020-03-04 13:03:47'),
(129, 44, 'Caesar Witting', 'Quod quasi fuga sapiente pariatur culpa at. Eum ut sunt hic doloribus eveniet similique magni. Nemo quo et autem ea.', 3, '2020-03-04 13:03:47', '2020-03-04 13:03:47'),
(130, 23, 'Prof. Vida Gleichner II', 'Excepturi fugiat temporibus voluptatem facere perferendis quae magni debitis. Nihil iste sit consequatur laboriosam.', 3, '2020-03-04 13:03:47', '2020-03-04 13:03:47'),
(131, 17, 'Maryjane Kuvalis', 'Quia omnis nulla qui maiores distinctio et quaerat. Quis facilis aut eligendi amet.', 4, '2020-03-04 13:03:47', '2020-03-04 13:03:47'),
(132, 12, 'Antwan Bayer', 'Dicta itaque corrupti amet. Ex iusto voluptatum est. Deserunt sed et minima eius sed. Nihil optio a pariatur in voluptas sit.', 3, '2020-03-04 13:03:47', '2020-03-04 13:03:47'),
(133, 10, 'Miss Maritza Hermann', 'Quo exercitationem porro dolorem. Ea voluptatum veniam temporibus nisi omnis velit itaque. Expedita sit fuga explicabo tempora vitae.', 2, '2020-03-04 13:03:47', '2020-03-04 13:03:47'),
(134, 41, 'Florian Roberts', 'Modi quia nemo repellat aut. Repellendus et velit sunt voluptatum corporis debitis. Voluptatem velit nobis voluptatibus nobis.', 2, '2020-03-04 13:03:48', '2020-03-04 13:03:48'),
(135, 46, 'Lorenza Bins', 'Natus placeat quia ut. Cum dolores occaecati dolor omnis. A nulla alias qui et dicta quo et. Quo ut necessitatibus qui saepe.', 3, '2020-03-04 13:03:48', '2020-03-04 13:03:48'),
(136, 11, 'Maybelle Price', 'Repellat ratione sapiente officia fugit fugiat eaque et quibusdam. Molestiae odio quia nesciunt velit eum voluptatibus.', 4, '2020-03-04 13:03:48', '2020-03-04 13:03:48'),
(137, 40, 'Fabian Romaguera DVM', 'Odit necessitatibus modi reprehenderit. Quidem non minus quam dolore et. Quasi consequatur rem qui quis. Repellendus minus quae ducimus.', 2, '2020-03-04 13:03:48', '2020-03-04 13:03:48'),
(138, 21, 'Prof. Blanca Bednar', 'Nesciunt dolores maiores eos cum sint. Vitae expedita accusantium soluta accusamus. Delectus autem voluptas reiciendis voluptatum beatae voluptatem. Magni at possimus iure dolor tenetur doloribus. Consequatur sint qui ad voluptatibus temporibus et qui.', 4, '2020-03-04 13:03:48', '2020-03-04 13:03:48'),
(139, 7, 'Lucius Renner', 'Culpa dolores aliquid id eaque rem. Non ut porro distinctio voluptate nesciunt iste. Tenetur consequuntur itaque ea consequuntur.', 4, '2020-03-04 13:03:48', '2020-03-04 13:03:48'),
(140, 17, 'Ona Wolf', 'Quis nihil perferendis vero quisquam. Error non deleniti possimus tempore enim non. Est expedita omnis voluptas.', 5, '2020-03-04 13:03:48', '2020-03-04 13:03:48'),
(141, 44, 'Jadon Pfeffer', 'Autem tenetur ut ut fugiat minima quos. Est tenetur ea eos laboriosam ratione dolores quis. Numquam nostrum et excepturi corporis.', 2, '2020-03-04 13:03:48', '2020-03-04 13:03:48'),
(142, 31, 'Tremayne Wiza', 'Dignissimos dolore et quis blanditiis velit voluptates. Qui eaque rerum eum. Dicta voluptas qui illum quis tempora ipsum accusamus.', 2, '2020-03-04 13:03:48', '2020-03-04 13:03:48'),
(143, 24, 'Prof. Bartholome Ward', 'Quas exercitationem in et modi eos molestiae. Harum aut quia aut id sit veritatis. Fuga veritatis at sint et. Corrupti esse fugiat aut harum.', 2, '2020-03-04 13:03:49', '2020-03-04 13:03:49'),
(144, 7, 'Valerie Kunze', 'Minus corrupti laborum in ut. Rerum repudiandae esse libero qui velit. Totam tenetur quis voluptatem corporis voluptas.', 3, '2020-03-04 13:03:49', '2020-03-04 13:03:49'),
(145, 37, 'Effie Runte', 'Velit ad tenetur iste. Quia porro accusamus voluptas quae eligendi facere sed. Consequatur cum commodi cupiditate. Ad sunt nobis ut quasi.', 4, '2020-03-04 13:03:49', '2020-03-04 13:03:49'),
(146, 26, 'Fae Bergstrom', 'Quia hic ullam quia. Esse soluta quas ab et libero vel et. Expedita laudantium dolores architecto exercitationem libero veritatis maxime qui. Eaque nihil in architecto tempore. Voluptas consequatur explicabo officiis quo.', 3, '2020-03-04 13:03:49', '2020-03-04 13:03:49'),
(147, 35, 'Ms. Reba Batz', 'Nostrum quas aut ab ab. Quidem aperiam ut sint. Suscipit sed ad nobis beatae a distinctio est culpa. Laborum pariatur quis velit vel exercitationem nam cupiditate. Quia asperiores incidunt minima ut repellendus.', 5, '2020-03-04 13:03:49', '2020-03-04 13:03:49'),
(148, 12, 'Fae Cummerata', 'Porro iste nam nulla impedit. Labore soluta aut commodi repellendus et accusantium tempora. Sit molestiae repudiandae facilis vitae hic dolores.', 4, '2020-03-04 13:03:49', '2020-03-04 13:03:49'),
(149, 13, 'Kareem Cormier MD', 'Amet voluptatem harum voluptatem repellendus et aut sapiente. Corporis assumenda ut labore facilis. Nostrum et similique et quisquam.', 2, '2020-03-04 13:03:49', '2020-03-04 13:03:49'),
(150, 33, 'Prof. Emmet Denesik Sr.', 'Sint unde sit vel quo sunt. Deleniti doloribus aut modi optio qui et. Sunt quos ut recusandae vitae in sed sed.', 3, '2020-03-04 13:03:49', '2020-03-04 13:03:49'),
(151, 45, 'Mallory Hyatt', 'Aliquid autem temporibus dicta. Dolorem perferendis vero qui nulla a eos accusamus. Assumenda aut aperiam officia ea porro quia eos.', 3, '2020-03-04 13:03:50', '2020-03-04 13:03:50'),
(152, 42, 'Antonette Glover', 'Repudiandae dolorum exercitationem adipisci tempore porro eveniet at. Nam mollitia voluptatem officiis. Laborum magni facere fugiat illo ut consequatur est. Recusandae est dolorum occaecati nemo.', 3, '2020-03-04 13:03:50', '2020-03-04 13:03:50'),
(153, 11, 'Ms. Zetta Haley I', 'Voluptatem doloribus sequi et dolorem recusandae. Libero corporis consequatur suscipit ut. Et enim porro neque excepturi repudiandae aliquid enim et. Quam dolor et repellat corporis.', 3, '2020-03-04 13:03:50', '2020-03-04 13:03:50'),
(154, 4, 'Demarco Fritsch', 'Velit et amet corporis minus quod et. Ipsam vero iusto exercitationem nisi. Rem sed debitis sint et eligendi. Culpa eaque sit laboriosam aut ex.', 5, '2020-03-04 13:03:50', '2020-03-04 13:03:50'),
(155, 49, 'Patsy Cormier', 'Ut illo error expedita est omnis. Delectus qui et ad sunt. Tempora odit provident tempore soluta minima.', 3, '2020-03-04 13:03:50', '2020-03-04 13:03:50'),
(156, 13, 'Roscoe Pagac', 'Magni iste voluptatem incidunt cum voluptates. Est ea voluptas occaecati dolorum aliquid maxime. Et consequatur iste molestiae assumenda qui. Repellat quo et expedita voluptatem autem eligendi.', 3, '2020-03-04 13:03:50', '2020-03-04 13:03:50'),
(157, 8, 'Pansy Doyle', 'Atque corrupti amet aut aut molestiae quia. Molestias quam quia ea aliquid cumque occaecati quis repellendus. Qui ut enim aspernatur iusto consequatur expedita inventore. Laudantium ipsa quis ea ex corporis nam.', 5, '2020-03-04 13:03:50', '2020-03-04 13:03:50'),
(158, 12, 'Dr. Alvena Hauck', 'Possimus est quaerat velit ad facere aspernatur enim. Quos repellendus minus facilis quis est vel molestiae. Accusamus veniam consectetur corrupti ducimus hic veritatis.', 5, '2020-03-04 13:03:50', '2020-03-04 13:03:50'),
(159, 46, 'Jarrett Connelly', 'Reiciendis quasi velit nihil dolores at adipisci consequatur. Alias aperiam voluptatem quam cumque. Neque ducimus voluptas corrupti quas dolorem assumenda omnis eum. Animi aut hic et ea consectetur reiciendis enim.', 2, '2020-03-04 13:03:50', '2020-03-04 13:03:50'),
(160, 15, 'Prof. Kathryne Langworth', 'Eos quam voluptatum dolorem deserunt quibusdam. Autem ut ex voluptas fugit. Et eum modi id eaque. Fugit expedita quod reiciendis quibusdam voluptatem quibusdam porro. Vitae inventore unde est ut.', 4, '2020-03-04 13:03:51', '2020-03-04 13:03:51'),
(161, 37, 'Loyal Aufderhar', 'Suscipit et accusantium minus sapiente. Illum repellat accusantium doloribus quia nobis eum ipsa ut. Officiis beatae ratione culpa tempore.', 4, '2020-03-04 13:03:51', '2020-03-04 13:03:51'),
(162, 26, 'Prof. Chance Tillman III', 'Distinctio iste fuga quis aut molestiae ad molestias. Magni atque voluptas tempore. Cupiditate aut reiciendis amet sint incidunt.', 4, '2020-03-04 13:03:51', '2020-03-04 13:03:51'),
(163, 2, 'Dr. Danika Hermann', 'Minus odio quia qui sequi fugit ut. Iste excepturi ut rerum reprehenderit nihil. Inventore blanditiis ea et.', 4, '2020-03-04 13:03:51', '2020-03-04 13:03:51'),
(164, 45, 'Dariana Mueller', 'Quidem illo animi sit sed magnam autem. Facilis omnis voluptate doloremque suscipit eum. Placeat quasi incidunt et corrupti repellendus laborum in est.', 5, '2020-03-04 13:03:51', '2020-03-04 13:03:51'),
(165, 15, 'Roy Schmidt', 'Itaque qui itaque recusandae sint sit voluptas neque. Dignissimos tenetur nihil nesciunt dolore minima. Doloribus odit et consequatur voluptatibus tempore enim harum.', 5, '2020-03-04 13:03:51', '2020-03-04 13:03:51'),
(166, 29, 'Vito Lebsack DVM', 'Libero exercitationem laborum illo quia. Soluta quia incidunt mollitia error vero exercitationem. Quo ea molestiae illum et voluptatem cupiditate. Similique voluptas laudantium enim numquam molestiae.', 5, '2020-03-04 13:03:52', '2020-03-04 13:03:52'),
(167, 13, 'Prof. Dominic Kshlerin', 'Totam enim amet laudantium possimus quo. Odit deleniti provident est minus quam. Omnis non adipisci possimus quis. Expedita magnam qui et vel saepe ut qui.', 4, '2020-03-04 13:03:52', '2020-03-04 13:03:52'),
(168, 48, 'Niko Senger', 'Corporis ipsam sed vel aut. Quia et voluptas fugiat eos asperiores qui.', 3, '2020-03-04 13:03:52', '2020-03-04 13:03:52'),
(169, 28, 'Dr. Mike Hermann Jr.', 'Aliquid quae nesciunt sapiente debitis. Autem officiis sunt qui magnam sapiente ea esse ducimus. Tenetur a et atque aut.', 5, '2020-03-04 13:03:52', '2020-03-04 13:03:52'),
(170, 18, 'Dr. Elaina Osinski', 'Sint necessitatibus quia sequi. Maxime ut hic voluptas natus eum eum animi. Consequatur ea adipisci dolorem cum.', 3, '2020-03-04 13:03:52', '2020-03-04 13:03:52'),
(171, 42, 'Patsy Graham', 'Ea a qui est aut. Sunt et consequatur repudiandae omnis voluptatem reiciendis. Adipisci qui debitis consequatur placeat cum sit modi et.', 5, '2020-03-04 13:03:52', '2020-03-04 13:03:52'),
(172, 30, 'Dr. Roderick Franecki Jr.', 'Consequuntur dolores itaque pariatur recusandae repudiandae nisi. Ut dicta ut adipisci porro perspiciatis velit et tempora. Sit dolor nihil vero beatae. Voluptas et nesciunt aut eum deleniti.', 5, '2020-03-04 13:03:53', '2020-03-04 13:03:53'),
(173, 36, 'Dr. Charlene Torphy DDS', 'Odio explicabo cumque animi dicta. Aliquid soluta recusandae aut aut. Asperiores sit eveniet inventore ut. Ratione qui voluptates adipisci qui tenetur beatae. Autem ut dolor ut sint necessitatibus.', 2, '2020-03-04 13:03:53', '2020-03-04 13:03:53'),
(174, 19, 'Mariane Cummings', 'Ipsam fugit ipsam et voluptates nihil sed. Corporis et accusantium alias excepturi amet sint. Perspiciatis aut illo quis necessitatibus.', 4, '2020-03-04 13:03:53', '2020-03-04 13:03:53'),
(175, 19, 'Sydni Reichert', 'Accusamus recusandae maxime est aliquam adipisci. Optio adipisci aut ut voluptatem earum fuga. Tempore quisquam sed quos soluta culpa. Adipisci ea doloribus sed.', 4, '2020-03-04 13:03:53', '2020-03-04 13:03:53'),
(176, 4, 'Ms. Libbie Champlin', 'Voluptatem dignissimos ut odio qui voluptas. Sequi ut nesciunt ut quaerat. Iste quam enim ipsa aut at ea occaecati. Natus vero dicta repellat perferendis saepe omnis qui.', 2, '2020-03-04 13:03:53', '2020-03-04 13:03:53'),
(177, 29, 'Prof. Isabel Gislason MD', 'Qui officia sed dolore dicta eius. Sed deserunt unde saepe sit voluptatem rerum. Facilis aliquid possimus est suscipit molestias aliquid.', 4, '2020-03-04 13:03:53', '2020-03-04 13:03:53'),
(178, 5, 'Madelynn Rowe', 'Nihil explicabo aliquid dignissimos porro ducimus tempore veniam. Adipisci consequatur illum voluptatum esse optio labore alias. Eveniet modi voluptatibus unde eius. Minima sunt dolore similique blanditiis illum qui et architecto. Dolorem eveniet rerum minus pariatur similique quisquam reprehenderit.', 4, '2020-03-04 13:03:53', '2020-03-04 13:03:53'),
(179, 38, 'Abby Wintheiser DVM', 'In quae et ut saepe. Porro et non consequatur ut sed maxime alias. Iusto possimus nulla illum dolorum.', 2, '2020-03-04 13:03:53', '2020-03-04 13:03:53'),
(180, 30, 'Delilah Kirlin', 'Ratione placeat eveniet adipisci expedita. Fugiat corrupti quia cum placeat. Possimus vitae est omnis laudantium.', 2, '2020-03-04 13:03:54', '2020-03-04 13:03:54'),
(181, 41, 'Earnestine Dach DVM', 'Voluptatem rerum a quaerat ratione. Cumque et animi at esse deleniti quia. Porro aut odio impedit quae harum sed. Nesciunt maxime qui quia modi.', 3, '2020-03-04 13:03:54', '2020-03-04 13:03:54'),
(182, 27, 'Kendall Herzog', 'Qui cum error dolorem enim aut vel sit quas. Excepturi sunt nulla cumque aut mollitia explicabo quod incidunt. Modi suscipit cum excepturi cupiditate praesentium eligendi. Et voluptas odit voluptatem consequatur eveniet corrupti.', 4, '2020-03-04 13:03:54', '2020-03-04 13:03:54'),
(183, 30, 'Prof. Gunnar Bergnaum', 'Et qui aliquid nulla optio illum et. Voluptatem ipsum voluptates voluptatem quia similique voluptatibus ea dolores. Sint soluta accusamus neque assumenda qui distinctio iusto saepe.', 3, '2020-03-04 13:03:54', '2020-03-04 13:03:54'),
(184, 28, 'Magnus Spinka', 'Quos dolores quaerat quasi. Est sit aut quaerat minus iusto odio. Ipsum nihil ea autem est inventore iusto quis eos. Id et numquam beatae reiciendis.', 2, '2020-03-04 13:03:54', '2020-03-04 13:03:54'),
(185, 8, 'Brandy Rogahn', 'Asperiores sint voluptas perspiciatis quia provident et minima aliquam. Aut velit aliquid dolor iste. Deserunt quis ab asperiores est nihil quae enim quasi.', 3, '2020-03-04 13:03:54', '2020-03-04 13:03:54'),
(186, 23, 'Dr. Candace Donnelly', 'Numquam neque reprehenderit reprehenderit. Aut quia velit eligendi accusantium aut. Qui eos totam mollitia officia perspiciatis doloremque aut.', 5, '2020-03-04 13:03:54', '2020-03-04 13:03:54'),
(187, 30, 'Michaela Effertz', 'Ullam quis sit dolorem beatae ea sunt. Non amet quos sapiente quis deleniti ea et. Nulla rerum nostrum perspiciatis aut.', 4, '2020-03-04 13:03:55', '2020-03-04 13:03:55'),
(188, 27, 'Glen Gottlieb', 'Quasi magnam tempore cum quos reiciendis. Tempora officia ipsum perferendis. Et fugit et velit incidunt. Illum eos consectetur quisquam nesciunt voluptatibus.', 4, '2020-03-04 13:03:55', '2020-03-04 13:03:55'),
(189, 46, 'Brooke Watsica', 'Est iure qui quia quibusdam doloribus debitis. Libero vitae nisi id repellendus. Ullam reprehenderit ut est consequatur. Est laboriosam sapiente modi tempore.', 5, '2020-03-04 13:03:55', '2020-03-04 13:03:55'),
(190, 1, 'Prof. Harmony Heller', 'Assumenda odit sunt a. Et quas vel excepturi odit quam ea. Distinctio laborum qui debitis sint consectetur minima magni. Minima harum non illum veniam ut est omnis. Vero impedit similique aut fuga aliquid non.', 3, '2020-03-04 13:03:55', '2020-03-04 13:03:55'),
(191, 30, 'Geovanni Gleichner', 'Ratione ut natus eum nihil corporis dolor quidem. Sit aut dolorem qui id. Architecto non aliquam similique et ut sunt quas.', 2, '2020-03-04 13:03:55', '2020-03-04 13:03:55'),
(192, 5, 'Mr. Ryley Gleichner MD', 'Tempora qui dolorem in et. Ipsam iste molestiae ex. Ea commodi officiis vero doloribus sit nisi nesciunt animi. Omnis officia autem atque voluptates necessitatibus architecto ut.', 5, '2020-03-04 13:03:55', '2020-03-04 13:03:55'),
(193, 27, 'Maritza Bahringer II', 'Cupiditate consequatur ex omnis. Earum voluptate id vel vitae. Quis sunt qui numquam aut numquam voluptate.', 3, '2020-03-04 13:03:56', '2020-03-04 13:03:56'),
(194, 12, 'Myra Ruecker', 'At quod fugit aspernatur modi ut quae adipisci. Blanditiis ut quos aut quia.', 4, '2020-03-04 13:03:56', '2020-03-04 13:03:56'),
(195, 36, 'Dorris Jacobs', 'Modi deserunt saepe in modi. Non ad est est nisi sapiente. Sint consectetur et sed et eligendi et officiis.', 3, '2020-03-04 13:03:56', '2020-03-04 13:03:56'),
(196, 29, 'Lewis Bartoletti', 'Cum voluptate odio omnis corrupti. Debitis cumque tenetur temporibus et maxime et id totam.', 3, '2020-03-04 13:03:56', '2020-03-04 13:03:56'),
(197, 36, 'Dr. Jayson Kling', 'Vel in et sint error voluptatibus. Voluptatem maxime nisi vero et. Rerum dolores quaerat in magnam fugiat sit quibusdam.', 4, '2020-03-04 13:03:56', '2020-03-04 13:03:56'),
(198, 41, 'Jackie Spinka', 'Vero at illum facere suscipit. Reprehenderit et et facilis qui. Assumenda placeat accusantium sint dolorem sunt quibusdam. Velit accusantium minus ea sint.', 2, '2020-03-04 13:03:56', '2020-03-04 13:03:56'),
(199, 6, 'Prof. Zachary Ziemann DVM', 'Omnis excepturi error itaque quasi deserunt. Harum qui dicta optio sunt minima nisi. Distinctio maiores rerum necessitatibus earum aut omnis. Dicta sit ab atque mollitia hic.', 5, '2020-03-04 13:03:56', '2020-03-04 13:03:56'),
(200, 43, 'Prof. Alvah Kunde', 'Distinctio quisquam quae cumque qui. Et et cum sed aliquam magnam.', 5, '2020-03-04 13:03:57', '2020-03-04 13:03:57'),
(201, 4, 'Dax Davis DDS', 'Eius sint illum aut soluta earum assumenda culpa tenetur. Necessitatibus excepturi esse porro doloremque. Qui nesciunt sint id voluptatum officiis nemo.', 2, '2020-03-04 13:03:57', '2020-03-04 13:03:57'),
(202, 1, 'Roberto Rath', 'Porro est deleniti fugit id velit. Voluptatibus debitis magni nemo. Optio et harum aut voluptatem a. Fuga aut a et odio maxime.', 5, '2020-03-04 13:03:57', '2020-03-04 13:03:57'),
(203, 15, 'Prof. Stan Denesik', 'Aperiam laboriosam consectetur aliquam et. Qui quo voluptate consectetur mollitia est sunt qui. Iure et est libero dolorem est aut debitis.', 5, '2020-03-04 13:03:57', '2020-03-04 13:03:57'),
(204, 24, 'Lance Boehm', 'Quod doloremque ratione occaecati enim earum. Veniam dicta et aliquam sunt possimus deserunt eos eius. Nostrum omnis voluptas tempore expedita dolores in aperiam.', 3, '2020-03-04 13:03:57', '2020-03-04 13:03:57'),
(205, 29, 'Jarred Lind V', 'Est aliquid est qui tempore facilis qui. Repellendus porro natus aut consequatur voluptas nam non. Alias totam ullam similique sunt. Deleniti fuga ut est ut qui excepturi odio.', 3, '2020-03-04 13:03:57', '2020-03-04 13:03:57'),
(206, 42, 'Dr. Meagan Bauch', 'Aperiam dolor enim harum dignissimos dolor cupiditate. Ducimus rerum quas quia quibusdam et corrupti inventore recusandae. Eum ex rerum odit et amet maiores sunt. Omnis id explicabo sed.', 3, '2020-03-04 13:03:57', '2020-03-04 13:03:57'),
(207, 49, 'Prof. Ashtyn Jakubowski', 'Voluptas voluptatem odio dolorem non praesentium quam. Quas natus doloremque excepturi accusantium quibusdam omnis. Quasi aut ipsum consequatur et cumque aut.', 3, '2020-03-04 13:03:57', '2020-03-04 13:03:57'),
(208, 6, 'Mrs. Kiana Hansen', 'Beatae dolor quam amet sed dolorem dolore. Atque maiores eum mollitia ducimus hic. Quia officiis eveniet rerum velit sunt ut aperiam. Facere dolores ipsum aliquid quod quaerat aut quo.', 2, '2020-03-04 13:03:58', '2020-03-04 13:03:58'),
(209, 27, 'Frances Tremblay', 'Ipsa nobis nam delectus. Quos et libero a animi a atque consequatur. Maiores dolor et amet voluptate impedit qui. Magnam culpa nihil asperiores exercitationem nostrum magnam.', 3, '2020-03-04 13:03:58', '2020-03-04 13:03:58');
INSERT INTO `reviews` (`id`, `product_id`, `customer`, `review`, `star`, `created_at`, `updated_at`) VALUES
(210, 29, 'Prof. Jesus Dickens', 'Autem nulla maiores aspernatur dolor dignissimos. Quod aut repellat non doloribus.', 3, '2020-03-04 13:03:58', '2020-03-04 13:03:58'),
(211, 24, 'Mrs. Skyla Shields', 'Voluptatem alias accusantium eligendi est id sapiente soluta. Libero magnam et mollitia est mollitia fuga magni deleniti. Assumenda nisi quia fugiat magni et. Et voluptate exercitationem magni ducimus illum et.', 4, '2020-03-04 13:03:58', '2020-03-04 13:03:58'),
(212, 49, 'Paris Lemke', 'Ea qui quia qui et enim praesentium. Et nisi nihil est ut. Optio iusto omnis nobis officia nesciunt. Ut consectetur illum aut enim nulla dolores.', 2, '2020-03-04 13:03:58', '2020-03-04 13:03:58'),
(213, 24, 'Mrs. Alessia Cronin', 'Odio qui fugit reprehenderit atque voluptatem sed. Nobis rerum ut repudiandae doloribus laboriosam. Omnis nesciunt nulla qui.', 3, '2020-03-04 13:03:58', '2020-03-04 13:03:58'),
(214, 26, 'Connor Olson', 'Qui voluptatem magni nisi eligendi ratione officiis esse. Quo itaque vel laborum architecto rerum perspiciatis. At aut enim cumque dolorem amet ullam nostrum et. Rem rerum aut nihil libero.', 4, '2020-03-04 13:03:59', '2020-03-04 13:03:59'),
(215, 1, 'Glen Carter DVM', 'Quis nihil rem consectetur quaerat. Ullam voluptas animi ipsa ullam animi nihil. Quos ea quidem aut ducimus ut omnis.', 3, '2020-03-04 13:03:59', '2020-03-04 13:03:59'),
(216, 33, 'Edythe Satterfield MD', 'Odio et necessitatibus blanditiis. Labore unde aut magnam voluptatum. Tenetur explicabo ipsam fugit laudantium. Numquam sit ipsum explicabo libero voluptatem porro et. Quisquam velit nesciunt nihil repudiandae deleniti.', 5, '2020-03-04 13:03:59', '2020-03-04 13:03:59'),
(217, 14, 'Johnson Kunde IV', 'Impedit ducimus maxime omnis. Voluptates quibusdam corporis dolor ut alias rerum soluta. Eius debitis et et doloribus est possimus.', 4, '2020-03-04 13:03:59', '2020-03-04 13:03:59'),
(218, 13, 'Dr. Laura McKenzie PhD', 'Provident libero repellat laborum ea aut quas. Dolorem repellendus et fugit odio consequatur ea excepturi. Amet corrupti molestias fuga molestiae laudantium in reprehenderit ipsam.', 4, '2020-03-04 13:03:59', '2020-03-04 13:03:59'),
(219, 11, 'Russel Eichmann', 'Voluptatem soluta perferendis quos. Incidunt sed totam ut nesciunt. Sed nihil totam enim consequuntur tempore ad fugiat fugit. Dolore voluptas id voluptas. Repudiandae esse quaerat culpa.', 3, '2020-03-04 13:03:59', '2020-03-04 13:03:59'),
(220, 25, 'Joseph Olson', 'Molestiae voluptas sed accusamus delectus sed deserunt facilis temporibus. Qui maiores aut vero sequi qui. Ut repudiandae molestiae soluta.', 2, '2020-03-04 13:03:59', '2020-03-04 13:03:59'),
(221, 27, 'Khalil Upton', 'Eaque sunt consequatur quis unde id dicta occaecati. Harum occaecati consectetur quo ut eum at tenetur. Vitae delectus id nulla nostrum. Eaque molestiae id sit corporis laboriosam. Repudiandae distinctio qui qui dolore facere.', 3, '2020-03-04 13:04:00', '2020-03-04 13:04:00'),
(222, 6, 'Jarrett Carter', 'Nam quos omnis aut facilis doloribus reprehenderit. Id aperiam ratione quo molestias ullam.', 2, '2020-03-04 13:04:00', '2020-03-04 13:04:00'),
(223, 44, 'Dr. Anibal Bechtelar Sr.', 'Quia sint ad ut odio. Quasi et dolor recusandae sed molestiae aut. At quis quis sed est voluptas quaerat et eos. Aut et eligendi qui est quaerat iste nihil.', 2, '2020-03-04 13:04:00', '2020-03-04 13:04:00'),
(224, 48, 'Eric Greenfelder', 'Eius quas repellat consequuntur ad. Inventore rerum quia voluptas asperiores architecto tenetur ea occaecati. Nam occaecati ducimus impedit debitis voluptatem. Doloremque ut sit aut aut consectetur facilis modi.', 3, '2020-03-04 13:04:00', '2020-03-04 13:04:00'),
(225, 12, 'Cordelia White', 'Unde consectetur sit assumenda non esse dolorem. Qui quod sit est suscipit. Distinctio aperiam error dolore quos. Quod et sunt doloribus omnis modi neque veniam culpa. Unde sed amet blanditiis.', 5, '2020-03-04 13:04:00', '2020-03-04 13:04:00'),
(226, 17, 'Martine Rolfson', 'Non numquam expedita minus vel et eum. Quaerat sed dolorem officia quisquam molestiae officiis ducimus. Voluptas voluptas repellendus fugit blanditiis amet vel sint. Et ipsum quisquam mollitia et quaerat eligendi accusamus ipsa. Velit qui sint saepe.', 3, '2020-03-04 13:04:00', '2020-03-04 13:04:00'),
(227, 50, 'Emery Bogan DVM', 'Incidunt deserunt non ducimus non. Rerum ut dolorem maxime ut. Iusto blanditiis architecto numquam enim. Voluptas sit voluptate ab non.', 4, '2020-03-04 13:04:00', '2020-03-04 13:04:00'),
(228, 24, 'April Aufderhar', 'Similique dolor repellendus dolorem harum. Earum ea nisi illum. Voluptatem sunt consequuntur nisi alias architecto voluptatem voluptatem corporis.', 5, '2020-03-04 13:04:00', '2020-03-04 13:04:00'),
(229, 8, 'Prof. Geovanni Emmerich', 'Veniam esse tempora et quia voluptates. Voluptas est at sed. Soluta eum voluptatem est incidunt. Sit dolores est voluptates provident et facere sunt.', 3, '2020-03-04 13:04:01', '2020-03-04 13:04:01'),
(230, 35, 'Lizeth Kohler', 'Voluptatem eveniet nostrum dolorem veritatis praesentium cupiditate. Fugit aut vero amet ut ut autem. Corrupti ut fugit quis atque illo ad. Eligendi sed inventore vel sint labore.', 4, '2020-03-04 13:04:01', '2020-03-04 13:04:01'),
(231, 6, 'Prof. Price Erdman II', 'Dolorem nostrum error reprehenderit voluptates. Molestias voluptatem est fugit. Eius velit harum dicta.', 2, '2020-03-04 13:04:01', '2020-03-04 13:04:01'),
(232, 42, 'Devon Schmeler', 'Reprehenderit unde dolor aut ullam. Temporibus ducimus animi ullam. Unde et eaque iusto et aliquid laudantium reprehenderit repellat. Atque voluptatum et quia temporibus natus nulla.', 5, '2020-03-04 13:04:01', '2020-03-04 13:04:01'),
(233, 24, 'Mrs. Ena Bergnaum', 'Vel eveniet unde quidem occaecati eligendi temporibus. In veritatis sunt et exercitationem voluptas facere. Aliquam harum nihil voluptatem officia eum delectus ut ducimus. Officiis quibusdam itaque velit ducimus. Minus voluptatem quia quasi maxime.', 2, '2020-03-04 13:04:01', '2020-03-04 13:04:01'),
(234, 12, 'Mr. Dorcas Schulist DVM', 'Et in voluptas dolorem rerum. Culpa itaque quis sequi rerum in. Laboriosam rerum minus eum qui optio ea.', 3, '2020-03-04 13:04:01', '2020-03-04 13:04:01'),
(235, 11, 'Prof. Jamie Hills', 'Consequatur et numquam est sed et in. Architecto deserunt aliquid fugiat occaecati eveniet. Quo eum minima cupiditate voluptatibus.', 2, '2020-03-04 13:04:02', '2020-03-04 13:04:02'),
(236, 12, 'Reilly Gottlieb', 'Laudantium consequuntur quia tempore ducimus. Dolorem distinctio inventore quis dolores aut. Necessitatibus molestias veniam veritatis facilis explicabo.', 5, '2020-03-04 13:04:02', '2020-03-04 13:04:02'),
(237, 10, 'Cindy Harber Jr.', 'Hic et neque ea expedita ut pariatur dolorem. Nihil repellat est repudiandae enim nisi. Dicta dolorum eum in maiores et accusantium alias.', 3, '2020-03-04 13:04:02', '2020-03-04 13:04:02'),
(238, 46, 'Richard Waters', 'Accusantium quisquam explicabo et vel. Est rerum alias tempora sint ut ex quas. Maxime reiciendis ipsam tempora tempore. Labore doloremque laboriosam in velit optio assumenda earum.', 2, '2020-03-04 13:04:02', '2020-03-04 13:04:02'),
(239, 30, 'Rosario Hill', 'Quos quia velit suscipit minima. Debitis magni eaque ut et inventore quo. Eaque adipisci dolorem earum consectetur impedit voluptates dolores.', 3, '2020-03-04 13:04:02', '2020-03-04 13:04:02'),
(240, 28, 'Mr. Oswaldo Rau MD', 'Omnis veritatis omnis et molestiae. Dolore accusantium sint voluptates autem rem et harum nobis. Ut ratione sequi enim asperiores fugiat rerum quae.', 5, '2020-03-04 13:04:02', '2020-03-04 13:04:02'),
(241, 27, 'Loyal Rosenbaum', 'Ab praesentium voluptatibus officia voluptatibus. Possimus nemo natus doloremque velit. Deleniti dignissimos quia voluptatem ut modi id exercitationem quod. Est iste hic inventore non quibusdam.', 2, '2020-03-04 13:04:02', '2020-03-04 13:04:02'),
(242, 22, 'Gilda Beahan', 'Alias dolor nesciunt quis distinctio quasi. Dolorem eveniet autem enim in similique doloremque et. Non exercitationem blanditiis officia possimus asperiores. Assumenda soluta fuga iusto qui.', 2, '2020-03-04 13:04:02', '2020-03-04 13:04:02'),
(243, 48, 'Mariane Green', 'Quidem inventore quisquam maxime voluptatem explicabo ut. Consequatur minima quibusdam qui ea iste exercitationem minima.', 3, '2020-03-04 13:04:03', '2020-03-04 13:04:03'),
(244, 46, 'Dena Deckow', 'Esse voluptatem quasi ad. Fuga in quam tenetur sed voluptatem illo dolores blanditiis. Ex reprehenderit possimus nihil ducimus qui eos enim. Sit at in non delectus fuga et rerum.', 3, '2020-03-04 13:04:03', '2020-03-04 13:04:03'),
(245, 8, 'Mr. Elian Conn III', 'Consequuntur perspiciatis placeat et non. Sunt vel praesentium deleniti voluptas ea minima in. Ipsam odio quibusdam quos deserunt.', 5, '2020-03-04 13:04:03', '2020-03-04 13:04:03'),
(246, 15, 'Isabella Kunde', 'Qui quidem voluptatum quos reprehenderit consequatur magni nam cum. Et et consequatur quas facere ex rerum aspernatur. Ducimus repudiandae aut illum quaerat repellendus cumque saepe.', 3, '2020-03-04 13:04:03', '2020-03-04 13:04:03'),
(247, 37, 'Ms. Caterina Feeney DVM', 'Sint tempora est voluptatem. Ratione est repellendus cumque. Error ducimus eos quisquam autem animi numquam voluptas sit. Pariatur qui dolores quia quaerat velit iure laudantium inventore.', 5, '2020-03-04 13:04:03', '2020-03-04 13:04:03'),
(248, 46, 'Mr. Nikko Kuhic', 'Vel assumenda eligendi optio sed. Esse voluptatem corrupti et at. Architecto odit reiciendis eum optio et laborum dolore eaque. Quia voluptatibus necessitatibus ab. Distinctio possimus perferendis aliquid eos nulla blanditiis.', 4, '2020-03-04 13:04:03', '2020-03-04 13:04:03'),
(249, 13, 'Mr. Eldred Heller', 'Vel voluptatum exercitationem dignissimos itaque quo minus maxime. Qui nihil corporis dolores quia enim nihil quia velit. Laborum voluptas id accusamus itaque in. Occaecati explicabo sit aspernatur totam dolore.', 3, '2020-03-04 13:04:03', '2020-03-04 13:04:03'),
(250, 25, 'Erich Stoltenberg', 'Quod corrupti possimus voluptate vitae a omnis dolorem. Exercitationem vel tempore dicta. Cupiditate atque qui similique sint. Ducimus fugit incidunt molestiae voluptas non eos. Cum aut temporibus eius aut.', 5, '2020-03-04 13:04:03', '2020-03-04 13:04:03'),
(251, 10, 'Dr. Conrad Kautzer III', 'Excepturi qui sed iure deleniti dignissimos aut sit. Et rem aut facere. Id id numquam quia ullam.', 2, '2020-03-04 13:04:03', '2020-03-04 13:04:03'),
(252, 46, 'Mr. Isadore Cummings V', 'Ut labore eum qui ducimus. At et ut est autem ut et dolorem ea. Qui sint natus sit aut eos sunt corrupti et.', 2, '2020-03-04 13:04:04', '2020-03-04 13:04:04'),
(253, 32, 'Adam Pollich', 'Atque odio sed voluptas eum. Deleniti qui harum iure. Blanditiis itaque libero laborum autem dicta quibusdam officiis. Sit et voluptas ut itaque.', 5, '2020-03-04 13:04:04', '2020-03-04 13:04:04'),
(254, 9, 'Dr. Pietro Zemlak PhD', 'Nam quo ea optio est a. Et et necessitatibus culpa corrupti consectetur occaecati ullam dolor. Repellat accusantium non et aut ex eos voluptatem excepturi. Placeat odio expedita aperiam est.', 4, '2020-03-04 13:04:04', '2020-03-04 13:04:04'),
(255, 12, 'Leonor Hamill PhD', 'A quibusdam et et optio repellat natus. Atque vel totam nostrum reprehenderit cumque tenetur. Voluptatibus quisquam aliquid quia eos commodi tempora. Dignissimos eaque aut placeat at et quia officiis.', 4, '2020-03-04 13:04:04', '2020-03-04 13:04:04'),
(256, 41, 'Marietta Goyette', 'Eius quis fugit mollitia aut voluptatem delectus quo et. Sed qui ullam quisquam voluptas vel voluptas. Quas eligendi qui delectus.', 4, '2020-03-04 13:04:04', '2020-03-04 13:04:04'),
(257, 3, 'Felicia Torphy', 'Voluptas quis laboriosam omnis maxime occaecati error ipsa. Eveniet iure dicta distinctio et natus possimus. Enim fuga illum quas necessitatibus est.', 5, '2020-03-04 13:04:04', '2020-03-04 13:04:04'),
(258, 5, 'Dr. Ethan Schaden', 'Explicabo similique consectetur velit molestias voluptatem dolor et. Ut natus sequi itaque officiis.', 4, '2020-03-04 13:04:04', '2020-03-04 13:04:04'),
(259, 1, 'Christ Lueilwitz', 'Facilis corporis ipsa cum. Assumenda autem similique maiores. Harum eveniet harum velit voluptatem sed aut. Doloremque autem similique porro magni.', 2, '2020-03-04 13:04:04', '2020-03-04 13:04:04'),
(260, 48, 'Dr. Stuart Beer', 'Atque non praesentium molestiae at atque laudantium voluptatem. Dolores excepturi perferendis officiis quod veniam dignissimos rerum. Non exercitationem qui molestiae at voluptate consequatur fugiat. Debitis cumque eius accusamus quia et.', 3, '2020-03-04 13:04:04', '2020-03-04 13:04:04'),
(261, 6, 'Mrs. Elody Quitzon', 'Consectetur dicta amet sint et ab deleniti. Minima aspernatur aut culpa quo sint quidem. Voluptas blanditiis expedita porro ex quas repellat.', 2, '2020-03-04 13:04:05', '2020-03-04 13:04:05'),
(262, 45, 'John Wolf', 'Provident corporis quas harum ea tempora commodi. Minima at quaerat cum tempore molestias velit. Eius est doloremque reiciendis dicta illo. Similique nisi voluptas commodi earum suscipit alias et facere.', 4, '2020-03-04 13:04:05', '2020-03-04 13:04:05'),
(263, 31, 'Alverta McGlynn', 'Minus deleniti culpa tempore quam ipsum enim similique. Quisquam consequatur fugit eum nam aut corrupti rem. Blanditiis sunt unde corporis ut quia est. Velit consequuntur dolore eum quia totam eos totam.', 3, '2020-03-04 13:04:05', '2020-03-04 13:04:05'),
(264, 38, 'Dr. Keara Parisian', 'Consequatur ut vero non odio. Corrupti eos possimus numquam aut laboriosam aspernatur. Alias amet eveniet maiores.', 4, '2020-03-04 13:04:05', '2020-03-04 13:04:05'),
(265, 37, 'Dr. Alexa McLaughlin IV', 'Quae facere animi et. Magni est rerum molestiae voluptas fuga enim sit. Et autem velit repudiandae blanditiis deleniti perspiciatis cum. Corporis quis qui velit aliquid sapiente non consequatur.', 2, '2020-03-04 13:04:05', '2020-03-04 13:04:05'),
(266, 50, 'Mr. Dudley Witting', 'Consectetur excepturi ea non ut. Iure minus quod suscipit laudantium vel quos. Sed omnis eos eum.', 5, '2020-03-04 13:04:05', '2020-03-04 13:04:05'),
(267, 26, 'Miss Iliana White Sr.', 'Voluptatem in eum sint est. Sed impedit ut corrupti expedita voluptas. Minus iure necessitatibus eos aut maxime perferendis.', 5, '2020-03-04 13:04:05', '2020-03-04 13:04:05'),
(268, 33, 'Nannie Wolff', 'Et consequatur autem et quis consectetur et quisquam. Earum possimus est quos impedit. Ipsam sit nesciunt et.', 5, '2020-03-04 13:04:05', '2020-03-04 13:04:05'),
(269, 12, 'Stewart Corwin', 'Quod rerum sunt sit exercitationem reiciendis vel quod. Dolores est quia nihil velit. Inventore aspernatur laborum suscipit tenetur facere quaerat. Accusantium fugit velit rerum quas nesciunt nisi. Sit quasi minus aut et.', 5, '2020-03-04 13:04:06', '2020-03-04 13:04:06'),
(270, 15, 'Laron Marquardt', 'Ratione adipisci quibusdam aut facilis qui. Officiis veritatis autem sed at nemo maxime consequatur. Aliquam quae dolorem quam assumenda. Deserunt praesentium adipisci quos ut.', 3, '2020-03-04 13:04:06', '2020-03-04 13:04:06'),
(271, 28, 'Rhianna Kilback', 'Explicabo saepe magni consequatur minus aut omnis iusto. Eius id eos ut culpa eius id animi. Itaque voluptas ducimus reiciendis temporibus temporibus velit ut cumque. Excepturi minima qui voluptas nihil saepe quia quia.', 2, '2020-03-04 13:04:06', '2020-03-04 13:04:06'),
(272, 47, 'Francesca Grant', 'Sed aut blanditiis sed voluptate minima. Culpa earum est et maxime. Vitae cumque maiores rem ut iste. Ad doloremque et architecto nesciunt non.', 3, '2020-03-04 13:04:06', '2020-03-04 13:04:06'),
(273, 24, 'Lucile Will', 'Reiciendis id neque repellendus sunt. Et quia dicta non consequuntur fuga. Quia vitae sapiente minus distinctio fugit.', 3, '2020-03-04 13:04:06', '2020-03-04 13:04:06'),
(274, 40, 'Dr. Tyrique Hettinger', 'Odio quia aut in dolore. Id corrupti dolorem voluptatem cum laborum. Voluptatem vel qui quia animi quibusdam occaecati.', 2, '2020-03-04 13:04:06', '2020-03-04 13:04:06'),
(275, 23, 'Clementina Torp', 'Quaerat ut molestiae aliquam sunt accusantium dolore minima itaque. Ut et beatae dolor quibusdam dolorem et esse. Voluptas omnis corrupti ut. Ipsa libero mollitia ipsa dolor sunt quia. Quia reiciendis numquam non laudantium totam molestias ut.', 3, '2020-03-04 13:04:06', '2020-03-04 13:04:06'),
(276, 26, 'Ashleigh Hand', 'Quam laudantium ab veritatis. Id quae quo consequatur est ut animi illum. Qui explicabo voluptates voluptas error a vero.', 2, '2020-03-04 13:04:06', '2020-03-04 13:04:06'),
(277, 43, 'Francesca Strosin', 'Aut quidem est veritatis vel. Earum natus commodi est et iste. Rem sapiente cum error sed inventore.', 2, '2020-03-04 13:04:07', '2020-03-04 13:04:07'),
(278, 2, 'Maye Koepp', 'Possimus beatae dignissimos voluptatem dolore. Aut voluptate ut iusto nam sequi consequuntur id.', 3, '2020-03-04 13:04:07', '2020-03-04 13:04:07'),
(279, 9, 'Alex Aufderhar', 'Nostrum corrupti animi atque sint et recusandae atque. Voluptates impedit totam aliquam inventore. Velit ea rerum facere dicta exercitationem qui.', 4, '2020-03-04 13:04:07', '2020-03-04 13:04:07'),
(280, 12, 'Cheyenne O\'Reilly', 'Harum dolores maiores quo quis omnis minus necessitatibus ratione. Occaecati mollitia voluptates nihil sed distinctio voluptates quasi et. Quia aut itaque architecto nesciunt voluptate voluptatem. Ratione doloremque nemo qui amet nobis.', 2, '2020-03-04 13:04:07', '2020-03-04 13:04:07'),
(281, 14, 'Conner Bartell Jr.', 'Temporibus consectetur vel neque sint. Dolorem sed id dolorem beatae nisi. Deleniti modi minus iusto sed officia et et.', 5, '2020-03-04 13:04:07', '2020-03-04 13:04:07'),
(282, 5, 'Murray Wiegand', 'Veritatis non perferendis recusandae cum. Eos a itaque modi minus. Vitae asperiores tempore commodi saepe repellendus tenetur porro. Praesentium adipisci facilis necessitatibus sunt ea sint.', 5, '2020-03-04 13:04:07', '2020-03-04 13:04:07'),
(283, 22, 'Miss Deborah Cruickshank', 'Et impedit rerum eos voluptates eligendi qui neque labore. Quod accusantium nulla sed dolorem optio nulla culpa. Rerum quam necessitatibus voluptatem qui voluptatem hic dignissimos. Quisquam voluptatibus assumenda quae.', 2, '2020-03-04 13:04:07', '2020-03-04 13:04:07'),
(284, 27, 'Prof. Louie Baumbach DVM', 'Quo suscipit est ipsa deleniti excepturi quo. Vero omnis nesciunt quasi dolor culpa perferendis nulla quod. Hic quia consequatur facilis quam nihil unde rerum.', 4, '2020-03-04 13:04:08', '2020-03-04 13:04:08'),
(285, 25, 'Jason Sawayn', 'Sed laborum quod tempora sed ut qui. Veniam suscipit iusto iure accusantium qui. Nihil quae velit provident.', 4, '2020-03-04 13:04:08', '2020-03-04 13:04:08'),
(286, 38, 'Randal Rolfson', 'Pariatur quae culpa et. Animi unde nemo qui id. Nihil architecto a qui eligendi dicta. Sed quia quam recusandae quibusdam distinctio quisquam. Consequatur consequatur id aspernatur odit quo.', 4, '2020-03-04 13:04:08', '2020-03-04 13:04:08'),
(287, 39, 'Hanna Bradtke Jr.', 'Vitae dignissimos dolor nisi ut quia reprehenderit sed. Dolorem ea vitae molestiae. Aut sunt qui impedit ea eos.', 3, '2020-03-04 13:04:08', '2020-03-04 13:04:08'),
(288, 39, 'Herbert Reichert II', 'Voluptas perspiciatis quae nemo rerum placeat. Consequatur est praesentium iusto vitae. Ducimus aut qui eaque. Illum velit commodi necessitatibus beatae et.', 3, '2020-03-04 13:04:08', '2020-03-04 13:04:08'),
(289, 50, 'Alvah VonRueden', 'Culpa alias facere quo labore voluptate eius nihil. Ullam voluptatem nulla omnis sint veritatis iure ut. Enim sunt eos ut est fuga corrupti. Labore et cum velit doloremque.', 4, '2020-03-04 13:04:08', '2020-03-04 13:04:08'),
(290, 11, 'Charity Donnelly MD', 'Et sint saepe et ex dolorem temporibus deleniti. Sequi sint velit ut ea blanditiis eos illum. Minus repudiandae eum hic molestias provident dignissimos recusandae adipisci. In cupiditate ipsa repudiandae cupiditate quia deserunt.', 4, '2020-03-04 13:04:08', '2020-03-04 13:04:08'),
(291, 12, 'Prof. Jamir Kirlin', 'Nulla sit voluptate debitis qui quo omnis quia earum. Temporibus occaecati id voluptatum sed. Numquam quia blanditiis qui quia. Enim sed officia dignissimos impedit numquam.', 5, '2020-03-04 13:04:08', '2020-03-04 13:04:08'),
(292, 22, 'Dale Hirthe', 'Qui dolor dolores commodi quo sed. Non non saepe cupiditate repellendus quia vero occaecati qui.', 4, '2020-03-04 13:04:09', '2020-03-04 13:04:09'),
(293, 15, 'Lessie Emmerich', 'Et velit qui in doloribus vitae voluptas cupiditate. Incidunt delectus hic occaecati ratione dolorem quia animi. Omnis dolorum reiciendis saepe nisi maxime repudiandae tempore. Nam ullam natus molestiae.', 4, '2020-03-04 13:04:09', '2020-03-04 13:04:09'),
(294, 27, 'Enid Abbott', 'Ut ea ut sint voluptate. Quia et illo quo suscipit numquam ipsa exercitationem. Occaecati et quos et eum voluptas doloribus velit ex.', 4, '2020-03-04 13:04:09', '2020-03-04 13:04:09'),
(295, 17, 'Dr. Conner Feest', 'Dolor repellat sint odio commodi nihil deleniti. Nisi sunt autem quia. Dolor voluptatibus vel labore facilis adipisci voluptas. Officiis rem ut facere quia.', 3, '2020-03-04 13:04:09', '2020-03-04 13:04:09'),
(296, 17, 'Dr. Rowland Frami PhD', 'Possimus repudiandae voluptatem dolores quis laborum. Facere dignissimos magnam sit debitis. In dolore vitae aut architecto. Illum dolores tenetur ut ratione suscipit rerum saepe vel.', 4, '2020-03-04 13:04:09', '2020-03-04 13:04:09'),
(297, 45, 'Mr. Harley Carter Jr.', 'Harum natus nisi tempore possimus. Alias dolores recusandae ea illum accusantium. Ex voluptatibus sit atque provident in odio. Voluptatum praesentium et autem iste molestias.', 4, '2020-03-04 13:04:09', '2020-03-04 13:04:09'),
(298, 24, 'Prof. Jacinthe Turcotte MD', 'Optio porro esse libero facilis animi. Molestiae facilis ipsa quos doloribus laborum rerum voluptatem.', 5, '2020-03-04 13:04:09', '2020-03-04 13:04:09'),
(299, 36, 'Brody Schuster V', 'Ut ducimus in ut repudiandae sapiente itaque. Non perferendis voluptates aliquam labore quis quisquam nihil. Sunt velit distinctio minima ipsa sit dolorem.', 5, '2020-03-04 13:04:10', '2020-03-04 13:04:10'),
(300, 43, 'Kaylee Towne', 'Fugit sapiente consequatur deserunt voluptas quia tempora. Autem tempore quos et corporis. Itaque quibusdam quia quis consequatur qui non. Quia ut aut eveniet sed qui.', 5, '2020-03-04 13:04:10', '2020-03-04 13:04:10');

-- --------------------------------------------------------

--
-- Table structure for table `users`
--

CREATE TABLE `users` (
  `id` int(10) UNSIGNED NOT NULL,
  `name` varchar(255) COLLATE utf8mb4_unicode_ci NOT NULL,
  `email` varchar(255) COLLATE utf8mb4_unicode_ci NOT NULL,
  `password` varchar(255) COLLATE utf8mb4_unicode_ci NOT NULL,
  `remember_token` varchar(100) COLLATE utf8mb4_unicode_ci DEFAULT NULL,
  `created_at` timestamp NULL DEFAULT NULL,
  `updated_at` timestamp NULL DEFAULT NULL
) ENGINE=InnoDB DEFAULT CHARSET=utf8mb4 COLLATE=utf8mb4_unicode_ci;

--
-- Indexes for dumped tables
--

--
-- Indexes for table `migrations`
--
ALTER TABLE `migrations`
  ADD PRIMARY KEY (`id`);

--
-- Indexes for table `password_resets`
--
ALTER TABLE `password_resets`
  ADD KEY `password_resets_email_index` (`email`);

--
-- Indexes for table `products`
--
ALTER TABLE `products`
  ADD PRIMARY KEY (`id`);

--
-- Indexes for table `reviews`
--
ALTER TABLE `reviews`
  ADD PRIMARY KEY (`id`);

--
-- Indexes for table `users`
--
ALTER TABLE `users`
  ADD PRIMARY KEY (`id`),
  ADD UNIQUE KEY `users_email_unique` (`email`);

--
-- AUTO_INCREMENT for dumped tables
--

--
-- AUTO_INCREMENT for table `migrations`
--
ALTER TABLE `migrations`
  MODIFY `id` int(10) UNSIGNED NOT NULL AUTO_INCREMENT, AUTO_INCREMENT=4;

--
-- AUTO_INCREMENT for table `products`
--
ALTER TABLE `products`
  MODIFY `id` int(10) UNSIGNED NOT NULL AUTO_INCREMENT, AUTO_INCREMENT=51;

--
-- AUTO_INCREMENT for table `reviews`
--
ALTER TABLE `reviews`
  MODIFY `id` int(10) UNSIGNED NOT NULL AUTO_INCREMENT, AUTO_INCREMENT=301;

--
-- AUTO_INCREMENT for table `users`
--
ALTER TABLE `users`
  MODIFY `id` int(10) UNSIGNED NOT NULL AUTO_INCREMENT;
COMMIT;

/*!40101 SET CHARACTER_SET_CLIENT=@OLD_CHARACTER_SET_CLIENT */;
/*!40101 SET CHARACTER_SET_RESULTS=@OLD_CHARACTER_SET_RESULTS */;
/*!40101 SET COLLATION_CONNECTION=@OLD_COLLATION_CONNECTION */;
